Timestamp (UTC),Wind_Offshore_MW,Wind_Onshore_MW
2024-12-31 23:00:00+00:00,3453.25,2336.5
2025-01-01 00:00:00+00:00,3110.75,2249.25
2025-01-01 01:00:00+00:00,3376.75,2298.5
2025-01-01 02:00:00+00:00,3414.75,2267.0
2025-01-01 03:00:00+00:00,3155.25,2284.75
2025-01-01 04:00:00+00:00,2714.5,2305.25
2025-01-01 05:00:00+00:00,2826.0,2309.75
2025-01-01 06:00:00+00:00,2691.5,2249.5
2025-01-01 07:00:00+00:00,2566.5,2219.0
2025-01-01 08:00:00+00:00,2249.75,2191.25
2025-01-01 09:00:00+00:00,2035.25,2117.5
2025-01-01 10:00:00+00:00,1573.5,1978.0
2025-01-01 11:00:00+00:00,1518.0,1977.0
2025-01-01 12:00:00+00:00,1817.25,2002.75
2025-01-01 13:00:00+00:00,1998.75,2014.75
2025-01-01 14:00:00+00:00,2567.25,2336.5
2025-01-01 15:00:00+00:00,3314.0,2346.25
2025-01-01 16:00:00+00:00,3651.25,1998.75
2025-01-01 17:00:00+00:00,3621.25,1794.0
2025-01-01 18:00:00+00:00,3423.0,1883.25
2025-01-01 19:00:00+00:00,3645.0,1985.0
2025-01-01 20:00:00+00:00,3433.0,2095.75
2025-01-01 21:00:00+00:00,3283.75,2186.25
2025-01-01 22:00:00+00:00,3208.0,2068.0
2025-01-01 23:00:00+00:00,2405.0,1828.75
2025-01-02 00:00:00+00:00,1860.75,1167.0
2025-01-02 01:00:00+00:00,1584.75,889.5
2025-01-02 02:00:00+00:00,1469.25,737.0
2025-01-02 03:00:00+00:00,1377.0,647.75
2025-01-02 04:00:00+00:00,1430.75,589.0
2025-01-02 05:00:00+00:00,1360.5,489.5
2025-01-02 06:00:00+00:00,1153.75,427.25
2025-01-02 07:00:00+00:00,1305.0,413.5
2025-01-02 08:00:00+00:00,1113.75,416.75
2025-01-02 09:00:00+00:00,925.0,421.5
2025-01-02 10:00:00+00:00,1451.5,508.25
2025-01-02 11:00:00+00:00,1697.5,576.0
2025-01-02 12:00:00+00:00,2378.0,694.0
2025-01-02 13:00:00+00:00,2788.5,723.75
2025-01-02 14:00:00+00:00,2867.0,832.25
2025-01-02 15:00:00+00:00,2964.75,939.0
2025-01-02 16:00:00+00:00,3126.5,854.25
2025-01-02 17:00:00+00:00,3434.5,1042.75
2025-01-02 18:00:00+00:00,3284.0,1105.0
2025-01-02 19:00:00+00:00,3289.0,859.5
2025-01-02 20:00:00+00:00,3244.75,1058.0
2025-01-02 21:00:00+00:00,3004.5,1105.5
2025-01-02 22:00:00+00:00,2411.75,855.0
2025-01-02 23:00:00+00:00,2539.5,898.25
2025-01-03 00:00:00+00:00,2805.5,1084.25
2025-01-03 01:00:00+00:00,2857.75,1110.0
2025-01-03 02:00:00+00:00,3126.25,1259.75
2025-01-03 03:00:00+00:00,3400.75,1476.75
2025-01-03 04:00:00+00:00,3597.25,1614.0
2025-01-03 05:00:00+00:00,3657.0,1804.25
2025-01-03 06:00:00+00:00,3608.25,1962.5
2025-01-03 07:00:00+00:00,3650.25,2065.75
2025-01-03 08:00:00+00:00,3537.0,2106.5
2025-01-03 09:00:00+00:00,3459.75,2005.25
2025-01-03 10:00:00+00:00,3474.25,2091.5
2025-01-03 11:00:00+00:00,3640.0,1979.0
2025-01-03 12:00:00+00:00,3508.5,1884.0
2025-01-03 13:00:00+00:00,3450.25,1565.75
2025-01-03 14:00:00+00:00,3198.75,1337.75
2025-01-03 15:00:00+00:00,3172.25,1189.25
2025-01-03 16:00:00+00:00,3081.25,1040.75
2025-01-03 17:00:00+00:00,2850.25,802.5
2025-01-03 18:00:00+00:00,2428.75,634.5
2025-01-03 19:00:00+00:00,2179.75,681.25
2025-01-03 20:00:00+00:00,1614.0,541.0
2025-01-03 21:00:00+00:00,1395.25,426.75
2025-01-03 22:00:00+00:00,1189.0,418.75
2025-01-03 23:00:00+00:00,887.75,452.75
2025-01-04 00:00:00+00:00,1015.0,442.75
2025-01-04 01:00:00+00:00,655.25,386.25
2025-01-04 02:00:00+00:00,371.5,348.75
2025-01-04 03:00:00+00:00,413.5,320.0
2025-01-04 04:00:00+00:00,491.25,295.0
2025-01-04 05:00:00+00:00,520.0,335.0
2025-01-04 06:00:00+00:00,733.75,465.75
2025-01-04 07:00:00+00:00,1103.5,491.5
2025-01-04 08:00:00+00:00,1285.25,604.25
2025-01-04 09:00:00+00:00,1586.25,650.25
2025-01-04 10:00:00+00:00,1517.0,761.0
2025-01-04 11:00:00+00:00,1645.5,918.0
2025-01-04 12:00:00+00:00,1550.75,626.5
2025-01-04 13:00:00+00:00,964.5,636.5
2025-01-04 14:00:00+00:00,815.0,551.0
2025-01-04 15:00:00+00:00,567.25,529.75
2025-01-04 16:00:00+00:00,567.75,541.5
2025-01-04 17:00:00+00:00,688.5,557.0
2025-01-04 18:00:00+00:00,778.75,551.5
2025-01-04 19:00:00+00:00,848.5,569.25
2025-01-04 20:00:00+00:00,954.25,517.5
2025-01-04 21:00:00+00:00,1429.25,469.75
2025-01-04 22:00:00+00:00,1811.0,455.25
2025-01-04 23:00:00+00:00,2143.0,471.5
2025-01-05 00:00:00+00:00,2131.25,557.5
2025-01-05 01:00:00+00:00,2075.0,593.5
2025-01-05 02:00:00+00:00,2511.5,681.25
2025-01-05 03:00:00+00:00,2775.0,762.75
2025-01-05 04:00:00+00:00,2967.25,732.5
2025-01-05 05:00:00+00:00,3522.75,861.5
2025-01-05 06:00:00+00:00,3618.75,1108.25
2025-01-05 07:00:00+00:00,3748.75,1323.0
2025-01-05 08:00:00+00:00,3460.25,1391.25
2025-01-05 09:00:00+00:00,3205.75,1409.5
2025-01-05 10:00:00+00:00,3778.5,1328.25
2025-01-05 11:00:00+00:00,3825.25,1273.75
2025-01-05 12:00:00+00:00,3822.25,1333.0
2025-01-05 13:00:00+00:00,3910.25,1511.25
2025-01-05 14:00:00+00:00,3925.25,1766.75
2025-01-05 15:00:00+00:00,3912.0,1999.5
2025-01-05 16:00:00+00:00,3905.0,2130.25
2025-01-05 17:00:00+00:00,3851.5,2165.25
2025-01-05 18:00:00+00:00,3700.0,2249.0
2025-01-05 19:00:00+00:00,3537.5,2317.0
2025-01-05 20:00:00+00:00,3584.5,2331.0
2025-01-05 21:00:00+00:00,3757.5,2337.25
2025-01-05 22:00:00+00:00,3785.5,2330.5
2025-01-05 23:00:00+00:00,3731.75,2262.75
2025-01-06 00:00:00+00:00,3760.0,2232.5
2025-01-06 01:00:00+00:00,3762.25,2226.0
2025-01-06 02:00:00+00:00,3738.5,2237.0
2025-01-06 03:00:00+00:00,3733.0,2264.5
2025-01-06 04:00:00+00:00,3741.75,2292.25
2025-01-06 05:00:00+00:00,3776.5,2300.0
2025-01-06 06:00:00+00:00,3833.5,2377.25
2025-01-06 07:00:00+00:00,3869.5,2408.0
2025-01-06 08:00:00+00:00,3854.5,2390.25
2025-01-06 09:00:00+00:00,3779.25,2400.25
2025-01-06 10:00:00+00:00,3844.75,2406.75
2025-01-06 11:00:00+00:00,3767.5,2354.25
2025-01-06 12:00:00+00:00,3647.75,2364.0
2025-01-06 13:00:00+00:00,3465.75,2250.25
2025-01-06 14:00:00+00:00,3590.5,1938.25
2025-01-06 15:00:00+00:00,3484.75,2233.75
2025-01-06 16:00:00+00:00,3594.5,2370.0
2025-01-06 17:00:00+00:00,3576.25,2400.25
2025-01-06 18:00:00+00:00,3650.5,2383.0
2025-01-06 19:00:00+00:00,3694.5,2352.5
2025-01-06 20:00:00+00:00,3530.0,2306.0
2025-01-06 21:00:00+00:00,3357.5,2304.75
2025-01-06 22:00:00+00:00,3332.5,2269.5
2025-01-06 23:00:00+00:00,3240.25,2175.0
2025-01-07 00:00:00+00:00,3233.0,2163.25
2025-01-07 01:00:00+00:00,3124.75,2124.5
2025-01-07 02:00:00+00:00,3021.25,2055.0
2025-01-07 03:00:00+00:00,2964.75,2015.25
2025-01-07 04:00:00+00:00,3040.25,1983.5
2025-01-07 05:00:00+00:00,3189.25,1981.25
2025-01-07 06:00:00+00:00,3456.75,1884.0
2025-01-07 07:00:00+00:00,3572.75,1684.0
2025-01-07 08:00:00+00:00,3468.75,1722.25
2025-01-07 09:00:00+00:00,3493.75,1681.5
2025-01-07 10:00:00+00:00,3240.0,1757.25
2025-01-07 11:00:00+00:00,2896.75,1846.5
2025-01-07 12:00:00+00:00,2725.25,1966.75
2025-01-07 13:00:00+00:00,2785.25,2033.25
2025-01-07 14:00:00+00:00,2878.5,1985.25
2025-01-07 15:00:00+00:00,3112.75,1925.75
2025-01-07 16:00:00+00:00,3435.25,1849.75
2025-01-07 17:00:00+00:00,3522.25,1867.75
2025-01-07 18:00:00+00:00,3527.75,1819.25
2025-01-07 19:00:00+00:00,3664.0,1852.25
2025-01-07 20:00:00+00:00,3784.0,1761.25
2025-01-07 21:00:00+00:00,3741.0,1752.5
2025-01-07 22:00:00+00:00,3743.25,1774.0
2025-01-07 23:00:00+00:00,3805.25,1810.0
2025-01-08 00:00:00+00:00,3812.5,1793.25
2025-01-08 01:00:00+00:00,3635.75,1824.0
2025-01-08 02:00:00+00:00,3579.25,1757.25
2025-01-08 03:00:00+00:00,3472.5,1710.0
2025-01-08 04:00:00+00:00,3199.25,1698.25
2025-01-08 05:00:00+00:00,2763.25,1639.0
2025-01-08 06:00:00+00:00,2556.25,1616.25
2025-01-08 07:00:00+00:00,2358.75,1506.75
2025-01-08 08:00:00+00:00,2085.0,1455.25
2025-01-08 09:00:00+00:00,1771.75,1350.0
2025-01-08 10:00:00+00:00,1395.25,1207.5
2025-01-08 11:00:00+00:00,1118.75,1041.5
2025-01-08 12:00:00+00:00,925.25,894.75
2025-01-08 13:00:00+00:00,708.25,654.0
2025-01-08 14:00:00+00:00,450.75,477.5
2025-01-08 15:00:00+00:00,372.5,353.25
2025-01-08 16:00:00+00:00,375.0,287.0
2025-01-08 17:00:00+00:00,402.5,234.5
2025-01-08 18:00:00+00:00,610.75,198.5
2025-01-08 19:00:00+00:00,893.25,172.5
2025-01-08 20:00:00+00:00,753.25,192.0
2025-01-08 21:00:00+00:00,629.75,225.25
2025-01-08 22:00:00+00:00,348.75,205.75
2025-01-08 23:00:00+00:00,220.25,158.0
2025-01-09 00:00:00+00:00,260.25,107.25
2025-01-09 01:00:00+00:00,238.5,116.5
2025-01-09 02:00:00+00:00,238.0,136.25
2025-01-09 03:00:00+00:00,226.25,113.0
2025-01-09 04:00:00+00:00,84.25,124.25
2025-01-09 05:00:00+00:00,355.5,130.5
2025-01-09 06:00:00+00:00,978.75,133.25
2025-01-09 07:00:00+00:00,643.75,129.25
2025-01-09 08:00:00+00:00,546.0,149.5
2025-01-09 09:00:00+00:00,865.25,188.0
2025-01-09 10:00:00+00:00,1110.5,304.75
2025-01-09 11:00:00+00:00,1964.75,599.5
2025-01-09 12:00:00+00:00,2593.5,772.0
2025-01-09 13:00:00+00:00,3163.25,922.5
2025-01-09 14:00:00+00:00,3383.25,1112.0
2025-01-09 15:00:00+00:00,3592.75,1434.25
2025-01-09 16:00:00+00:00,3646.25,1468.0
2025-01-09 17:00:00+00:00,3667.25,1217.25
2025-01-09 18:00:00+00:00,3761.0,1281.5
2025-01-09 19:00:00+00:00,3803.25,1499.25
2025-01-09 20:00:00+00:00,3748.0,1745.25
2025-01-09 21:00:00+00:00,3666.25,1845.0
2025-01-09 22:00:00+00:00,3482.5,1827.75
2025-01-09 23:00:00+00:00,3328.0,1529.75
2025-01-10 00:00:00+00:00,3087.0,1184.25
2025-01-10 01:00:00+00:00,2898.0,1301.75
2025-01-10 02:00:00+00:00,2732.5,1482.25
2025-01-10 03:00:00+00:00,2580.25,1564.75
2025-01-10 04:00:00+00:00,2390.25,1494.25
2025-01-10 05:00:00+00:00,2117.25,1498.0
2025-01-10 06:00:00+00:00,1885.75,1487.0
2025-01-10 07:00:00+00:00,1713.5,1460.5
2025-01-10 08:00:00+00:00,1605.0,1408.5
2025-01-10 09:00:00+00:00,1646.25,1285.25
2025-01-10 10:00:00+00:00,1632.5,1047.0
2025-01-10 11:00:00+00:00,1477.25,943.75
2025-01-10 12:00:00+00:00,1456.0,887.5
2025-01-10 13:00:00+00:00,1195.5,819.0
2025-01-10 14:00:00+00:00,1301.5,607.0
2025-01-10 15:00:00+00:00,976.0,495.0
2025-01-10 16:00:00+00:00,936.75,380.5
2025-01-10 17:00:00+00:00,921.75,375.0
2025-01-10 18:00:00+00:00,714.25,229.5
2025-01-10 19:00:00+00:00,530.75,162.75
2025-01-10 20:00:00+00:00,257.5,167.5
2025-01-10 21:00:00+00:00,205.25,183.75
2025-01-10 22:00:00+00:00,156.25,165.5
2025-01-10 23:00:00+00:00,149.5,136.75
2025-01-11 00:00:00+00:00,170.25,148.5
2025-01-11 01:00:00+00:00,172.25,141.5
2025-01-11 02:00:00+00:00,248.75,147.75
2025-01-11 03:00:00+00:00,384.0,152.5
2025-01-11 04:00:00+00:00,275.25,120.5
2025-01-11 05:00:00+00:00,404.0,139.25
2025-01-11 06:00:00+00:00,567.5,138.75
2025-01-11 07:00:00+00:00,292.0,139.0
2025-01-11 08:00:00+00:00,409.0,203.25
2025-01-11 09:00:00+00:00,411.75,312.25
2025-01-11 10:00:00+00:00,550.25,341.75
2025-01-11 11:00:00+00:00,685.5,426.75
2025-01-11 12:00:00+00:00,772.5,602.5
2025-01-11 13:00:00+00:00,953.75,676.25
2025-01-11 14:00:00+00:00,1289.75,627.25
2025-01-11 15:00:00+00:00,1389.5,738.75
2025-01-11 16:00:00+00:00,1676.0,762.5
2025-01-11 17:00:00+00:00,1935.0,755.5
2025-01-11 18:00:00+00:00,1847.0,649.0
2025-01-11 19:00:00+00:00,1651.25,493.25
2025-01-11 20:00:00+00:00,1498.5,464.25
2025-01-11 21:00:00+00:00,1116.0,379.75
2025-01-11 22:00:00+00:00,822.75,325.5
2025-01-11 23:00:00+00:00,526.5,287.25
2025-01-12 00:00:00+00:00,332.25,231.25
2025-01-12 01:00:00+00:00,526.0,241.0
2025-01-12 02:00:00+00:00,632.5,261.0
2025-01-12 03:00:00+00:00,925.75,318.25
2025-01-12 04:00:00+00:00,1004.75,289.75
2025-01-12 05:00:00+00:00,743.0,287.25
2025-01-12 06:00:00+00:00,451.75,160.25
2025-01-12 07:00:00+00:00,425.75,146.25
2025-01-12 08:00:00+00:00,334.5,207.0
2025-01-12 09:00:00+00:00,224.0,210.75
2025-01-12 10:00:00+00:00,173.25,135.5
2025-01-12 11:00:00+00:00,158.25,158.0
2025-01-12 12:00:00+00:00,97.75,130.5
2025-01-12 13:00:00+00:00,27.75,129.0
2025-01-12 14:00:00+00:00,7.5,121.0
2025-01-12 15:00:00+00:00,11.75,122.0
2025-01-12 16:00:00+00:00,25.75,154.5
2025-01-12 17:00:00+00:00,22.5,145.5
2025-01-12 18:00:00+00:00,5.25,151.75
2025-01-12 19:00:00+00:00,14.25,122.5
2025-01-12 20:00:00+00:00,3.75,98.5
2025-01-12 21:00:00+00:00,7.0,79.0
2025-01-12 22:00:00+00:00,82.75,73.25
2025-01-12 23:00:00+00:00,160.0,79.75
2025-01-13 00:00:00+00:00,188.5,92.75
2025-01-13 01:00:00+00:00,314.0,95.75
2025-01-13 02:00:00+00:00,464.75,114.5
2025-01-13 03:00:00+00:00,521.75,143.75
2025-01-13 04:00:00+00:00,609.75,200.5
2025-01-13 05:00:00+00:00,803.5,222.25
2025-01-13 06:00:00+00:00,1045.75,251.25
2025-01-13 07:00:00+00:00,1292.0,323.25
2025-01-13 08:00:00+00:00,1447.75,487.75
2025-01-13 09:00:00+00:00,1532.75,595.0
2025-01-13 10:00:00+00:00,1676.0,637.75
2025-01-13 11:00:00+00:00,1819.0,585.75
2025-01-13 12:00:00+00:00,1924.25,537.5
2025-01-13 13:00:00+00:00,1870.0,519.0
2025-01-13 14:00:00+00:00,1835.5,480.75
2025-01-13 15:00:00+00:00,1838.25,510.0
2025-01-13 16:00:00+00:00,1856.75,627.25
2025-01-13 17:00:00+00:00,2002.75,853.25
2025-01-13 18:00:00+00:00,2058.0,991.75
2025-01-13 19:00:00+00:00,2025.5,1053.25
2025-01-13 20:00:00+00:00,2012.0,1008.75
2025-01-13 21:00:00+00:00,2010.75,1046.0
2025-01-13 22:00:00+00:00,2005.25,1171.25
2025-01-13 23:00:00+00:00,2057.25,1174.75
2025-01-14 00:00:00+00:00,2209.0,1121.25
2025-01-14 01:00:00+00:00,2259.75,1183.75
2025-01-14 02:00:00+00:00,2330.25,1195.0
2025-01-14 03:00:00+00:00,2271.0,1128.75
2025-01-14 04:00:00+00:00,2425.5,1123.25
2025-01-14 05:00:00+00:00,2506.5,1194.5
2025-01-14 06:00:00+00:00,2498.0,1274.75
2025-01-14 07:00:00+00:00,2608.5,1485.75
2025-01-14 08:00:00+00:00,2367.25,1340.25
2025-01-14 09:00:00+00:00,2188.0,1417.75
2025-01-14 10:00:00+00:00,2543.25,1450.0
2025-01-14 11:00:00+00:00,2736.25,1452.0
2025-01-14 12:00:00+00:00,2542.0,1351.75
2025-01-14 13:00:00+00:00,2483.5,1363.75
2025-01-14 14:00:00+00:00,2176.75,1255.25
2025-01-14 15:00:00+00:00,1625.25,1043.25
2025-01-14 16:00:00+00:00,1295.5,768.75
2025-01-14 17:00:00+00:00,1118.25,674.0
2025-01-14 18:00:00+00:00,1067.0,663.75
2025-01-14 19:00:00+00:00,817.75,728.75
2025-01-14 20:00:00+00:00,950.5,604.5
2025-01-14 21:00:00+00:00,1073.25,522.75
2025-01-14 22:00:00+00:00,742.5,323.5
2025-01-14 23:00:00+00:00,383.75,253.0
2025-01-15 00:00:00+00:00,223.75,229.0
2025-01-15 01:00:00+00:00,282.75,212.5
2025-01-15 02:00:00+00:00,204.25,247.0
2025-01-15 03:00:00+00:00,194.5,240.0
2025-01-15 04:00:00+00:00,161.25,203.0
2025-01-15 05:00:00+00:00,208.5,198.5
2025-01-15 06:00:00+00:00,149.0,163.0
2025-01-15 07:00:00+00:00,54.0,135.75
2025-01-15 08:00:00+00:00,39.75,96.75
2025-01-15 09:00:00+00:00,44.5,83.5
2025-01-15 10:00:00+00:00,22.0,84.75
2025-01-15 11:00:00+00:00,14.25,87.5
2025-01-15 12:00:00+00:00,25.25,87.0
2025-01-15 13:00:00+00:00,9.25,89.25
2025-01-15 14:00:00+00:00,13.0,116.25
2025-01-15 15:00:00+00:00,25.75,104.5
2025-01-15 16:00:00+00:00,60.25,83.25
2025-01-15 17:00:00+00:00,30.5,99.75
2025-01-15 18:00:00+00:00,17.25,89.5
2025-01-15 19:00:00+00:00,31.75,98.75
2025-01-15 20:00:00+00:00,106.75,93.0
2025-01-15 21:00:00+00:00,156.75,93.0
2025-01-15 22:00:00+00:00,155.0,119.75
2025-01-15 23:00:00+00:00,144.75,108.0
2025-01-16 00:00:00+00:00,140.5,89.75
2025-01-16 01:00:00+00:00,132.0,88.0
2025-01-16 02:00:00+00:00,147.75,86.5
2025-01-16 03:00:00+00:00,164.5,99.75
2025-01-16 04:00:00+00:00,186.25,131.0
2025-01-16 05:00:00+00:00,226.75,157.25
2025-01-16 06:00:00+00:00,291.75,175.0
2025-01-16 07:00:00+00:00,392.75,189.75
2025-01-16 08:00:00+00:00,511.75,227.5
2025-01-16 09:00:00+00:00,680.0,253.25
2025-01-16 10:00:00+00:00,622.75,312.5
2025-01-16 11:00:00+00:00,745.25,310.0
2025-01-16 12:00:00+00:00,704.5,303.5
2025-01-16 13:00:00+00:00,532.75,259.5
2025-01-16 14:00:00+00:00,444.5,217.25
2025-01-16 15:00:00+00:00,470.5,196.75
2025-01-16 16:00:00+00:00,415.5,199.0
2025-01-16 17:00:00+00:00,423.75,191.25
2025-01-16 18:00:00+00:00,452.25,171.0
2025-01-16 19:00:00+00:00,494.5,165.25
2025-01-16 20:00:00+00:00,513.5,221.0
2025-01-16 21:00:00+00:00,577.75,265.0
2025-01-16 22:00:00+00:00,611.25,276.0
2025-01-16 23:00:00+00:00,655.5,285.75
2025-01-17 00:00:00+00:00,765.75,317.75
2025-01-17 01:00:00+00:00,768.0,280.5
2025-01-17 02:00:00+00:00,641.0,209.5
2025-01-17 03:00:00+00:00,618.75,144.0
2025-01-17 04:00:00+00:00,607.25,132.25
2025-01-17 05:00:00+00:00,537.0,139.0
2025-01-17 06:00:00+00:00,584.25,123.25
2025-01-17 07:00:00+00:00,564.25,96.25
2025-01-17 08:00:00+00:00,495.5,101.25
2025-01-17 09:00:00+00:00,552.0,109.25
2025-01-17 10:00:00+00:00,592.0,132.25
2025-01-17 11:00:00+00:00,636.75,151.75
2025-01-17 12:00:00+00:00,614.25,118.5
2025-01-17 13:00:00+00:00,552.0,114.0
2025-01-17 14:00:00+00:00,443.75,109.75
2025-01-17 15:00:00+00:00,356.0,90.5
2025-01-17 16:00:00+00:00,269.75,84.75
2025-01-17 17:00:00+00:00,188.5,76.5
2025-01-17 18:00:00+00:00,160.75,77.0
2025-01-17 19:00:00+00:00,111.0,74.0
2025-01-17 20:00:00+00:00,97.25,76.0
2025-01-17 21:00:00+00:00,104.5,76.5
2025-01-17 22:00:00+00:00,103.25,80.0
2025-01-17 23:00:00+00:00,110.25,85.75
2025-01-18 00:00:00+00:00,107.5,91.25
2025-01-18 01:00:00+00:00,97.25,89.75
2025-01-18 02:00:00+00:00,72.75,76.75
2025-01-18 03:00:00+00:00,39.25,76.25
2025-01-18 04:00:00+00:00,11.75,76.5
2025-01-18 05:00:00+00:00,8.25,74.75
2025-01-18 06:00:00+00:00,39.25,74.25
2025-01-18 07:00:00+00:00,108.0,78.0
2025-01-18 08:00:00+00:00,166.5,81.5
2025-01-18 09:00:00+00:00,127.25,84.25
2025-01-18 10:00:00+00:00,86.25,86.0
2025-01-18 11:00:00+00:00,36.0,88.25
2025-01-18 12:00:00+00:00,30.5,89.0
2025-01-18 13:00:00+00:00,43.75,84.75
2025-01-18 14:00:00+00:00,96.5,80.75
2025-01-18 15:00:00+00:00,134.0,79.75
2025-01-18 16:00:00+00:00,175.5,83.25
2025-01-18 17:00:00+00:00,308.25,87.25
2025-01-18 18:00:00+00:00,469.0,88.25
2025-01-18 19:00:00+00:00,556.75,87.75
2025-01-18 20:00:00+00:00,458.5,85.25
2025-01-18 21:00:00+00:00,451.5,84.25
2025-01-18 22:00:00+00:00,450.25,82.5
2025-01-18 23:00:00+00:00,415.75,82.5
2025-01-19 00:00:00+00:00,237.25,75.25
2025-01-19 01:00:00+00:00,119.25,73.0
2025-01-19 02:00:00+00:00,63.5,75.5
2025-01-19 03:00:00+00:00,94.0,75.75
2025-01-19 04:00:00+00:00,60.75,75.25
2025-01-19 05:00:00+00:00,52.0,75.75
2025-01-19 06:00:00+00:00,50.75,73.5
2025-01-19 07:00:00+00:00,31.25,71.0
2025-01-19 08:00:00+00:00,32.5,72.0
2025-01-19 09:00:00+00:00,20.25,74.5
2025-01-19 10:00:00+00:00,24.75,78.75
2025-01-19 11:00:00+00:00,61.25,80.25
2025-01-19 12:00:00+00:00,59.5,80.25
2025-01-19 13:00:00+00:00,43.75,79.25
2025-01-19 14:00:00+00:00,25.25,74.75
2025-01-19 15:00:00+00:00,29.0,63.75
2025-01-19 16:00:00+00:00,25.5,63.0
2025-01-19 17:00:00+00:00,46.75,62.75
2025-01-19 18:00:00+00:00,48.0,63.5
2025-01-19 19:00:00+00:00,23.5,61.0
2025-01-19 20:00:00+00:00,27.0,59.25
2025-01-19 21:00:00+00:00,28.0,64.75
2025-01-19 22:00:00+00:00,18.5,68.25
2025-01-19 23:00:00+00:00,16.0,75.25
2025-01-20 00:00:00+00:00,19.75,75.0
2025-01-20 01:00:00+00:00,25.25,75.25
2025-01-20 02:00:00+00:00,33.75,76.0
2025-01-20 03:00:00+00:00,121.75,75.75
2025-01-20 04:00:00+00:00,325.5,75.0
2025-01-20 05:00:00+00:00,293.5,85.25
2025-01-20 06:00:00+00:00,469.75,86.25
2025-01-20 07:00:00+00:00,786.5,93.5
2025-01-20 08:00:00+00:00,859.5,90.75
2025-01-20 09:00:00+00:00,879.5,95.75
2025-01-20 10:00:00+00:00,796.0,71.25
2025-01-20 11:00:00+00:00,856.75,54.25
2025-01-20 12:00:00+00:00,985.25,87.0
2025-01-20 13:00:00+00:00,1144.0,142.75
2025-01-20 14:00:00+00:00,1096.0,170.75
2025-01-20 15:00:00+00:00,1120.25,186.0
2025-01-20 16:00:00+00:00,1420.25,189.5
2025-01-20 17:00:00+00:00,1435.75,203.25
2025-01-20 18:00:00+00:00,1703.75,227.0
2025-01-20 19:00:00+00:00,1857.5,255.0
2025-01-20 20:00:00+00:00,1953.5,283.25
2025-01-20 21:00:00+00:00,1884.25,310.25
2025-01-20 22:00:00+00:00,1739.75,315.0
2025-01-20 23:00:00+00:00,1794.5,324.25
2025-01-21 00:00:00+00:00,1712.0,331.25
2025-01-21 01:00:00+00:00,1806.25,336.5
2025-01-21 02:00:00+00:00,1898.25,306.0
2025-01-21 03:00:00+00:00,1871.5,354.0
2025-01-21 04:00:00+00:00,1820.0,358.25
2025-01-21 05:00:00+00:00,1991.75,330.25
2025-01-21 06:00:00+00:00,2095.5,333.25
2025-01-21 07:00:00+00:00,1994.75,305.25
2025-01-21 08:00:00+00:00,1793.0,328.5
2025-01-21 09:00:00+00:00,1736.5,358.25
2025-01-21 10:00:00+00:00,1619.5,445.0
2025-01-21 11:00:00+00:00,1284.0,403.0
2025-01-21 12:00:00+00:00,973.5,313.75
2025-01-21 13:00:00+00:00,754.25,240.25
2025-01-21 14:00:00+00:00,613.25,193.0
2025-01-21 15:00:00+00:00,587.5,169.75
2025-01-21 16:00:00+00:00,601.75,191.75
2025-01-21 17:00:00+00:00,768.25,164.0
2025-01-21 18:00:00+00:00,884.25,136.75
2025-01-21 19:00:00+00:00,947.0,133.0
2025-01-21 20:00:00+00:00,740.5,146.5
2025-01-21 21:00:00+00:00,644.75,144.5
2025-01-21 22:00:00+00:00,433.25,156.5
2025-01-21 23:00:00+00:00,267.25,151.0
2025-01-22 00:00:00+00:00,251.0,133.0
2025-01-22 01:00:00+00:00,336.25,144.0
2025-01-22 02:00:00+00:00,273.0,159.25
2025-01-22 03:00:00+00:00,322.0,187.75
2025-01-22 04:00:00+00:00,407.25,208.25
2025-01-22 05:00:00+00:00,533.0,277.0
2025-01-22 06:00:00+00:00,524.5,348.5
2025-01-22 07:00:00+00:00,456.75,448.75
2025-01-22 08:00:00+00:00,418.75,537.0
2025-01-22 09:00:00+00:00,329.25,561.0
2025-01-22 10:00:00+00:00,373.75,484.0
2025-01-22 11:00:00+00:00,336.25,407.25
2025-01-22 12:00:00+00:00,243.25,374.0
2025-01-22 13:00:00+00:00,156.5,358.75
2025-01-22 14:00:00+00:00,87.75,340.25
2025-01-22 15:00:00+00:00,123.5,278.25
2025-01-22 16:00:00+00:00,85.25,245.0
2025-01-22 17:00:00+00:00,65.5,255.5
2025-01-22 18:00:00+00:00,100.75,245.75
2025-01-22 19:00:00+00:00,355.75,239.0
2025-01-22 20:00:00+00:00,700.5,235.5
2025-01-22 21:00:00+00:00,1163.25,218.75
2025-01-22 22:00:00+00:00,1343.5,227.0
2025-01-22 23:00:00+00:00,1639.0,305.0
2025-01-23 00:00:00+00:00,1810.25,521.0
2025-01-23 01:00:00+00:00,2147.25,656.0
2025-01-23 02:00:00+00:00,1825.0,776.25
2025-01-23 03:00:00+00:00,2314.0,1025.25
2025-01-23 04:00:00+00:00,2745.75,1285.25
2025-01-23 05:00:00+00:00,2949.5,1431.0
2025-01-23 06:00:00+00:00,3323.5,1439.75
2025-01-23 07:00:00+00:00,3137.0,1512.0
2025-01-23 08:00:00+00:00,2720.0,1624.0
2025-01-23 09:00:00+00:00,3059.75,1600.75
2025-01-23 10:00:00+00:00,3453.0,1623.0
2025-01-23 11:00:00+00:00,3876.75,1596.75
2025-01-23 12:00:00+00:00,4185.25,1764.75
2025-01-23 13:00:00+00:00,4234.5,1832.5
2025-01-23 14:00:00+00:00,4162.0,1981.0
2025-01-23 15:00:00+00:00,4199.25,2115.25
2025-01-23 16:00:00+00:00,4312.5,2182.5
2025-01-23 17:00:00+00:00,4300.0,2153.75
2025-01-23 18:00:00+00:00,4305.0,2328.5
2025-01-23 19:00:00+00:00,4289.75,2350.25
2025-01-23 20:00:00+00:00,4276.25,2305.25
2025-01-23 21:00:00+00:00,4200.75,2200.5
2025-01-23 22:00:00+00:00,4115.75,2130.0
2025-01-23 23:00:00+00:00,4020.25,2036.75
2025-01-24 00:00:00+00:00,3673.0,2012.0
2025-01-24 01:00:00+00:00,3466.75,1889.5
2025-01-24 02:00:00+00:00,3814.75,1791.25
2025-01-24 03:00:00+00:00,3922.25,1830.0
2025-01-24 04:00:00+00:00,4003.25,2022.5
2025-01-24 05:00:00+00:00,4230.0,2094.0
2025-01-24 06:00:00+00:00,4252.25,2264.25
2025-01-24 07:00:00+00:00,4281.25,2363.75
2025-01-24 08:00:00+00:00,4277.25,2396.0
2025-01-24 09:00:00+00:00,4220.25,2449.0
2025-01-24 10:00:00+00:00,4098.25,2455.25
2025-01-24 11:00:00+00:00,4119.75,2469.5
2025-01-24 12:00:00+00:00,4139.0,2470.75
2025-01-24 13:00:00+00:00,4133.5,2449.0
2025-01-24 14:00:00+00:00,4170.0,2442.75
2025-01-24 15:00:00+00:00,4079.0,2361.5
2025-01-24 16:00:00+00:00,4026.25,2312.25
2025-01-24 17:00:00+00:00,4014.5,2179.0
2025-01-24 18:00:00+00:00,3919.75,2042.75
2025-01-24 19:00:00+00:00,3497.25,1827.5
2025-01-24 20:00:00+00:00,3049.5,1594.25
2025-01-24 21:00:00+00:00,2887.5,1208.5
2025-01-24 22:00:00+00:00,2522.5,1061.25
2025-01-24 23:00:00+00:00,2276.25,811.5
2025-01-25 00:00:00+00:00,2297.0,691.5
2025-01-25 01:00:00+00:00,1863.0,622.75
2025-01-25 02:00:00+00:00,1687.75,624.0
2025-01-25 03:00:00+00:00,1401.5,504.25
2025-01-25 04:00:00+00:00,1263.0,325.0
2025-01-25 05:00:00+00:00,1164.25,293.75
2025-01-25 06:00:00+00:00,1275.25,245.0
2025-01-25 07:00:00+00:00,1601.5,264.5
2025-01-25 08:00:00+00:00,2103.0,396.25
2025-01-25 09:00:00+00:00,1967.75,597.5
2025-01-25 10:00:00+00:00,1436.75,796.5
2025-01-25 11:00:00+00:00,1341.25,962.25
2025-01-25 12:00:00+00:00,1069.0,738.25
2025-01-25 13:00:00+00:00,896.25,347.25
2025-01-25 14:00:00+00:00,766.75,388.5
2025-01-25 15:00:00+00:00,584.75,366.75
2025-01-25 16:00:00+00:00,337.5,256.0
2025-01-25 17:00:00+00:00,233.25,193.0
2025-01-25 18:00:00+00:00,188.5,160.25
2025-01-25 19:00:00+00:00,142.0,104.0
2025-01-25 20:00:00+00:00,108.75,118.5
2025-01-25 21:00:00+00:00,80.25,108.75
2025-01-25 22:00:00+00:00,60.25,103.0
2025-01-25 23:00:00+00:00,38.25,114.5
2025-01-26 00:00:00+00:00,22.5,126.75
2025-01-26 01:00:00+00:00,0.25,94.0
2025-01-26 02:00:00+00:00,0.0,87.5
2025-01-26 03:00:00+00:00,6.75,85.0
2025-01-26 04:00:00+00:00,99.0,114.0
2025-01-26 05:00:00+00:00,268.25,163.0
2025-01-26 06:00:00+00:00,840.0,209.75
2025-01-26 07:00:00+00:00,1540.25,321.0
2025-01-26 08:00:00+00:00,2294.0,408.0
2025-01-26 09:00:00+00:00,2917.25,491.25
2025-01-26 10:00:00+00:00,3197.0,656.75
2025-01-26 11:00:00+00:00,3434.0,646.25
2025-01-26 12:00:00+00:00,3755.75,778.75
2025-01-26 13:00:00+00:00,3878.0,1102.75
2025-01-26 14:00:00+00:00,4007.25,1356.75
2025-01-26 15:00:00+00:00,4146.75,1483.25
2025-01-26 16:00:00+00:00,4111.75,1777.0
2025-01-26 17:00:00+00:00,4271.5,2044.25
2025-01-26 18:00:00+00:00,4261.75,2212.75
2025-01-26 19:00:00+00:00,4289.75,2250.25
2025-01-26 20:00:00+00:00,4288.75,2281.5
2025-01-26 21:00:00+00:00,4276.5,2288.75
2025-01-26 22:00:00+00:00,4222.0,2155.75
2025-01-26 23:00:00+00:00,4229.75,2063.5
2025-01-27 00:00:00+00:00,4180.0,2035.5
2025-01-27 01:00:00+00:00,4156.75,2056.5
2025-01-27 02:00:00+00:00,4175.0,2167.25
2025-01-27 03:00:00+00:00,4101.5,2217.0
2025-01-27 04:00:00+00:00,4148.5,2351.0
2025-01-27 05:00:00+00:00,4193.75,2414.5
2025-01-27 06:00:00+00:00,4130.75,2403.75
2025-01-27 07:00:00+00:00,4116.75,2374.0
2025-01-27 08:00:00+00:00,4059.25,2253.25
2025-01-27 09:00:00+00:00,3439.0,1998.25
2025-01-27 10:00:00+00:00,3221.25,2098.25
2025-01-27 11:00:00+00:00,3724.5,2205.5
2025-01-27 12:00:00+00:00,3682.25,2249.25
2025-01-27 13:00:00+00:00,4024.75,2156.0
2025-01-27 14:00:00+00:00,3898.75,2016.25
2025-01-27 15:00:00+00:00,4013.75,1884.25
2025-01-27 16:00:00+00:00,4131.75,1969.25
2025-01-27 17:00:00+00:00,4210.25,2137.25
2025-01-27 18:00:00+00:00,4207.5,2155.75
2025-01-27 19:00:00+00:00,4248.75,2111.75
2025-01-27 20:00:00+00:00,4230.25,2102.0
2025-01-27 21:00:00+00:00,4235.5,2060.5
2025-01-27 22:00:00+00:00,4237.25,2061.0
2025-01-27 23:00:00+00:00,4154.75,2124.0
2025-01-28 00:00:00+00:00,4074.25,2076.75
2025-01-28 01:00:00+00:00,4189.5,2121.75
2025-01-28 02:00:00+00:00,4258.0,2129.75
2025-01-28 03:00:00+00:00,4173.5,2007.25
2025-01-28 04:00:00+00:00,4156.75,2173.75
2025-01-28 05:00:00+00:00,3826.25,2214.25
2025-01-28 06:00:00+00:00,4175.0,2258.5
2025-01-28 07:00:00+00:00,4190.75,2185.0
2025-01-28 08:00:00+00:00,4148.5,2165.0
2025-01-28 09:00:00+00:00,3958.0,2114.0
2025-01-28 10:00:00+00:00,4057.0,2058.5
2025-01-28 11:00:00+00:00,4167.5,1984.0
2025-01-28 12:00:00+00:00,4172.25,1886.25
2025-01-28 13:00:00+00:00,4201.25,1827.5
2025-01-28 14:00:00+00:00,4216.0,1698.0
2025-01-28 15:00:00+00:00,4112.25,1788.5
2025-01-28 16:00:00+00:00,4149.5,1918.5
2025-01-28 17:00:00+00:00,4204.25,1905.25
2025-01-28 18:00:00+00:00,4174.0,1956.5
2025-01-28 19:00:00+00:00,4152.0,1958.0
2025-01-28 20:00:00+00:00,4143.25,1957.5
2025-01-28 21:00:00+00:00,3982.0,1954.0
2025-01-28 22:00:00+00:00,3765.5,1906.0
2025-01-28 23:00:00+00:00,3636.75,1883.0
2025-01-29 00:00:00+00:00,3730.75,1836.0
2025-01-29 01:00:00+00:00,3934.75,1730.75
2025-01-29 02:00:00+00:00,3660.75,2018.75
2025-01-29 03:00:00+00:00,3768.0,2208.75
2025-01-29 04:00:00+00:00,3561.5,2167.25
2025-01-29 05:00:00+00:00,3616.75,2152.0
2025-01-29 06:00:00+00:00,3540.75,2087.75
2025-01-29 07:00:00+00:00,3685.0,2072.75
2025-01-29 08:00:00+00:00,3611.0,1996.5
2025-01-29 09:00:00+00:00,3220.25,1908.75
2025-01-29 10:00:00+00:00,3085.5,1809.25
2025-01-29 11:00:00+00:00,2805.5,1807.75
2025-01-29 12:00:00+00:00,2630.5,1706.25
2025-01-29 13:00:00+00:00,2225.75,1593.75
2025-01-29 14:00:00+00:00,1970.75,1411.25
2025-01-29 15:00:00+00:00,1762.0,1236.25
2025-01-29 16:00:00+00:00,1785.0,1108.25
2025-01-29 17:00:00+00:00,1506.25,1019.5
2025-01-29 18:00:00+00:00,1186.75,1058.25
2025-01-29 19:00:00+00:00,896.25,903.25
2025-01-29 20:00:00+00:00,746.25,714.25
2025-01-29 21:00:00+00:00,665.0,542.75
2025-01-29 22:00:00+00:00,612.5,406.25
2025-01-29 23:00:00+00:00,570.5,315.75
2025-01-30 00:00:00+00:00,587.25,229.75
2025-01-30 01:00:00+00:00,572.75,181.75
2025-01-30 02:00:00+00:00,631.25,195.0
2025-01-30 03:00:00+00:00,852.0,194.0
2025-01-30 04:00:00+00:00,1164.5,236.5
2025-01-30 05:00:00+00:00,1146.5,272.0
2025-01-30 06:00:00+00:00,1422.25,259.0
2025-01-30 07:00:00+00:00,1513.5,297.75
2025-01-30 08:00:00+00:00,1690.75,399.25
2025-01-30 09:00:00+00:00,1712.0,430.0
2025-01-30 10:00:00+00:00,1823.5,462.25
2025-01-30 11:00:00+00:00,1888.5,503.0
2025-01-30 12:00:00+00:00,1682.75,507.5
2025-01-30 13:00:00+00:00,1287.0,567.0
2025-01-30 14:00:00+00:00,1361.25,651.0
2025-01-30 15:00:00+00:00,1476.0,664.75
2025-01-30 16:00:00+00:00,1563.0,652.25
2025-01-30 17:00:00+00:00,1996.25,762.0
2025-01-30 18:00:00+00:00,2145.75,889.25
2025-01-30 19:00:00+00:00,2123.5,809.25
2025-01-30 20:00:00+00:00,1864.75,834.0
2025-01-30 21:00:00+00:00,1327.25,698.5
2025-01-30 22:00:00+00:00,1322.0,552.0
2025-01-30 23:00:00+00:00,1293.25,531.25
2025-01-31 00:00:00+00:00,1423.0,645.0
2025-01-31 01:00:00+00:00,1440.75,613.5
2025-01-31 02:00:00+00:00,1333.25,618.75
2025-01-31 03:00:00+00:00,1279.5,562.75
2025-01-31 04:00:00+00:00,1286.75,639.25
2025-01-31 05:00:00+00:00,1111.75,709.75
2025-01-31 06:00:00+00:00,1055.5,713.75
2025-01-31 07:00:00+00:00,1009.25,765.0
2025-01-31 08:00:00+00:00,792.25,694.25
2025-01-31 09:00:00+00:00,746.0,589.25
2025-01-31 10:00:00+00:00,697.0,489.75
2025-01-31 11:00:00+00:00,697.25,328.75
2025-01-31 12:00:00+00:00,607.5,263.25
2025-01-31 13:00:00+00:00,566.0,224.25
2025-01-31 14:00:00+00:00,529.5,193.75
2025-01-31 15:00:00+00:00,498.25,174.75
2025-01-31 16:00:00+00:00,593.75,171.75
2025-01-31 17:00:00+00:00,427.75,173.0
2025-01-31 18:00:00+00:00,388.75,155.5
2025-01-31 19:00:00+00:00,312.25,149.5
2025-01-31 20:00:00+00:00,269.75,146.5
2025-01-31 21:00:00+00:00,215.25,153.25
2025-01-31 22:00:00+00:00,182.25,145.75
2025-01-31 23:00:00+00:00,148.5,157.5
2025-02-01 00:00:00+00:00,81.25,150.25
2025-02-01 01:00:00+00:00,103.25,119.0
2025-02-01 02:00:00+00:00,81.25,118.25
2025-02-01 03:00:00+00:00,88.5,130.0
2025-02-01 04:00:00+00:00,24.25,87.5
2025-02-01 05:00:00+00:00,17.75,75.75
2025-02-01 06:00:00+00:00,13.25,77.0
2025-02-01 07:00:00+00:00,77.5,85.25
2025-02-01 08:00:00+00:00,156.5,129.5
2025-02-01 09:00:00+00:00,299.5,186.75
2025-02-01 10:00:00+00:00,349.5,206.5
2025-02-01 11:00:00+00:00,334.5,172.0
2025-02-01 12:00:00+00:00,216.5,158.5
2025-02-01 13:00:00+00:00,118.75,141.25
2025-02-01 14:00:00+00:00,41.0,120.75
2025-02-01 15:00:00+00:00,46.0,102.5
2025-02-01 16:00:00+00:00,178.0,105.5
2025-02-01 17:00:00+00:00,447.75,146.5
2025-02-01 18:00:00+00:00,542.0,221.75
2025-02-01 19:00:00+00:00,646.75,295.75
2025-02-01 20:00:00+00:00,684.25,351.0
2025-02-01 21:00:00+00:00,1002.5,397.0
2025-02-01 22:00:00+00:00,1163.75,437.75
2025-02-01 23:00:00+00:00,1458.0,475.75
2025-02-02 00:00:00+00:00,1337.0,465.0
2025-02-02 01:00:00+00:00,723.75,494.5
2025-02-02 02:00:00+00:00,364.75,314.0
2025-02-02 03:00:00+00:00,223.5,242.25
2025-02-02 04:00:00+00:00,336.0,209.25
2025-02-02 05:00:00+00:00,594.5,227.5
2025-02-02 06:00:00+00:00,624.25,254.25
2025-02-02 07:00:00+00:00,580.75,235.75
2025-02-02 08:00:00+00:00,679.25,257.75
2025-02-02 09:00:00+00:00,583.0,227.75
2025-02-02 10:00:00+00:00,525.75,142.25
2025-02-02 11:00:00+00:00,355.0,116.25
2025-02-02 12:00:00+00:00,218.25,109.25
2025-02-02 13:00:00+00:00,156.0,96.75
2025-02-02 14:00:00+00:00,75.25,73.5
2025-02-02 15:00:00+00:00,44.25,50.75
2025-02-02 16:00:00+00:00,74.75,52.75
2025-02-02 17:00:00+00:00,156.5,79.0
2025-02-02 18:00:00+00:00,209.25,91.5
2025-02-02 19:00:00+00:00,182.0,89.5
2025-02-02 20:00:00+00:00,201.75,88.75
2025-02-02 21:00:00+00:00,266.0,123.25
2025-02-02 22:00:00+00:00,282.5,153.0
2025-02-02 23:00:00+00:00,380.0,177.75
2025-02-03 00:00:00+00:00,549.0,270.25
2025-02-03 01:00:00+00:00,711.25,460.0
2025-02-03 02:00:00+00:00,572.5,557.5
2025-02-03 03:00:00+00:00,588.0,508.25
2025-02-03 04:00:00+00:00,386.5,375.25
2025-02-03 05:00:00+00:00,173.25,266.5
2025-02-03 06:00:00+00:00,238.5,190.75
2025-02-03 07:00:00+00:00,354.25,215.75
2025-02-03 08:00:00+00:00,593.5,324.0
2025-02-03 09:00:00+00:00,646.75,286.75
2025-02-03 10:00:00+00:00,675.75,206.25
2025-02-03 11:00:00+00:00,791.25,205.5
2025-02-03 12:00:00+00:00,676.0,197.25
2025-02-03 13:00:00+00:00,722.75,180.5
2025-02-03 14:00:00+00:00,804.75,198.75
2025-02-03 15:00:00+00:00,843.25,230.0
2025-02-03 16:00:00+00:00,837.5,291.25
2025-02-03 17:00:00+00:00,1058.75,479.25
2025-02-03 18:00:00+00:00,1147.25,561.75
2025-02-03 19:00:00+00:00,1266.0,614.0
2025-02-03 20:00:00+00:00,1670.5,618.25
2025-02-03 21:00:00+00:00,1659.5,545.5
2025-02-03 22:00:00+00:00,1551.5,628.75
2025-02-03 23:00:00+00:00,1635.25,650.5
2025-02-04 00:00:00+00:00,1744.25,682.5
2025-02-04 01:00:00+00:00,1676.75,796.5
2025-02-04 02:00:00+00:00,1696.75,891.0
2025-02-04 03:00:00+00:00,1856.25,903.5
2025-02-04 04:00:00+00:00,1992.75,886.5
2025-02-04 05:00:00+00:00,2329.5,851.75
2025-02-04 06:00:00+00:00,2592.0,827.0
2025-02-04 07:00:00+00:00,2786.0,867.5
2025-02-04 08:00:00+00:00,2923.25,922.0
2025-02-04 09:00:00+00:00,2865.75,967.75
2025-02-04 10:00:00+00:00,3127.75,935.5
2025-02-04 11:00:00+00:00,3506.75,1029.0
2025-02-04 12:00:00+00:00,3588.25,1085.0
2025-02-04 13:00:00+00:00,3725.0,1143.75
2025-02-04 14:00:00+00:00,3882.0,1214.25
2025-02-04 15:00:00+00:00,3826.0,1314.25
2025-02-04 16:00:00+00:00,3987.25,1276.5
2025-02-04 17:00:00+00:00,4031.25,1294.75
2025-02-04 18:00:00+00:00,4178.75,1403.5
2025-02-04 19:00:00+00:00,4167.0,1512.75
2025-02-04 20:00:00+00:00,3963.75,1590.25
2025-02-04 21:00:00+00:00,4010.5,1431.75
2025-02-04 22:00:00+00:00,4031.75,1333.0
2025-02-04 23:00:00+00:00,3881.75,1434.5
2025-02-05 00:00:00+00:00,3340.75,1516.75
2025-02-05 01:00:00+00:00,2868.75,1444.5
2025-02-05 02:00:00+00:00,2342.75,1445.0
2025-02-05 03:00:00+00:00,2099.75,1390.75
2025-02-05 04:00:00+00:00,1785.5,1291.5
2025-02-05 05:00:00+00:00,1523.0,1007.25
2025-02-05 06:00:00+00:00,1275.75,884.25
2025-02-05 07:00:00+00:00,933.0,667.25
2025-02-05 08:00:00+00:00,743.5,484.5
2025-02-05 09:00:00+00:00,647.0,335.5
2025-02-05 10:00:00+00:00,482.25,275.75
2025-02-05 11:00:00+00:00,380.75,261.25
2025-02-05 12:00:00+00:00,506.0,279.25
2025-02-05 13:00:00+00:00,462.0,269.75
2025-02-05 14:00:00+00:00,399.5,290.25
2025-02-05 15:00:00+00:00,325.5,238.75
2025-02-05 16:00:00+00:00,215.75,206.5
2025-02-05 17:00:00+00:00,140.5,172.25
2025-02-05 18:00:00+00:00,89.75,148.75
2025-02-05 19:00:00+00:00,92.25,133.5
2025-02-05 20:00:00+00:00,123.5,117.5
2025-02-05 21:00:00+00:00,176.25,134.75
2025-02-05 22:00:00+00:00,217.5,150.25
2025-02-05 23:00:00+00:00,278.5,137.25
2025-02-06 00:00:00+00:00,389.25,161.25
2025-02-06 01:00:00+00:00,406.0,176.25
2025-02-06 02:00:00+00:00,474.25,163.5
2025-02-06 03:00:00+00:00,715.75,205.75
2025-02-06 04:00:00+00:00,936.25,312.75
2025-02-06 05:00:00+00:00,986.5,404.5
2025-02-06 06:00:00+00:00,853.25,442.75
2025-02-06 07:00:00+00:00,1038.5,464.0
2025-02-06 08:00:00+00:00,1093.0,510.5
2025-02-06 09:00:00+00:00,1330.5,546.25
2025-02-06 10:00:00+00:00,1554.5,422.25
2025-02-06 11:00:00+00:00,1442.75,429.75
2025-02-06 12:00:00+00:00,1163.25,530.75
2025-02-06 13:00:00+00:00,1367.75,729.5
2025-02-06 14:00:00+00:00,1884.75,927.25
2025-02-06 15:00:00+00:00,2519.25,894.5
2025-02-06 16:00:00+00:00,2902.5,784.0
2025-02-06 17:00:00+00:00,3616.5,896.25
2025-02-06 18:00:00+00:00,4006.25,1226.75
2025-02-06 19:00:00+00:00,4089.5,1485.25
2025-02-06 20:00:00+00:00,4081.0,1527.0
2025-02-06 21:00:00+00:00,3901.75,1291.25
2025-02-06 22:00:00+00:00,3671.25,1235.5
2025-02-06 23:00:00+00:00,3416.5,1404.0
2025-02-07 00:00:00+00:00,3424.75,1587.0
2025-02-07 01:00:00+00:00,3898.0,1845.5
2025-02-07 02:00:00+00:00,4112.25,1888.0
2025-02-07 03:00:00+00:00,4280.75,1894.25
2025-02-07 04:00:00+00:00,4330.5,2039.25
2025-02-07 05:00:00+00:00,4344.5,2102.5
2025-02-07 06:00:00+00:00,4343.0,2225.5
2025-02-07 07:00:00+00:00,4365.0,2211.5
2025-02-07 08:00:00+00:00,4383.0,2075.25
2025-02-07 09:00:00+00:00,4388.75,2096.5
2025-02-07 10:00:00+00:00,4347.75,2126.25
2025-02-07 11:00:00+00:00,4353.0,2130.0
2025-02-07 12:00:00+00:00,4377.75,2147.0
2025-02-07 13:00:00+00:00,4372.25,2159.5
2025-02-07 14:00:00+00:00,4343.0,2150.75
2025-02-07 15:00:00+00:00,4363.25,2119.75
2025-02-07 16:00:00+00:00,4345.75,2115.75
2025-02-07 17:00:00+00:00,4353.5,2094.25
2025-02-07 18:00:00+00:00,4361.25,2007.75
2025-02-07 19:00:00+00:00,4340.0,2089.0
2025-02-07 20:00:00+00:00,4317.75,2072.25
2025-02-07 21:00:00+00:00,4301.5,2045.5
2025-02-07 22:00:00+00:00,4273.75,1988.5
2025-02-07 23:00:00+00:00,4265.25,1915.25
2025-02-08 00:00:00+00:00,4190.5,1877.5
2025-02-08 01:00:00+00:00,4025.25,1761.0
2025-02-08 02:00:00+00:00,3814.0,1629.0
2025-02-08 03:00:00+00:00,3623.75,1592.25
2025-02-08 04:00:00+00:00,3233.5,1598.5
2025-02-08 05:00:00+00:00,2965.5,1600.75
2025-02-08 06:00:00+00:00,2786.0,1544.0
2025-02-08 07:00:00+00:00,2494.5,1312.25
2025-02-08 08:00:00+00:00,2199.75,1174.0
2025-02-08 09:00:00+00:00,1871.75,993.5
2025-02-08 10:00:00+00:00,1666.5,882.75
2025-02-08 11:00:00+00:00,1427.25,657.5
2025-02-08 12:00:00+00:00,1064.25,565.25
2025-02-08 13:00:00+00:00,962.5,446.5
2025-02-08 14:00:00+00:00,910.0,332.75
2025-02-08 15:00:00+00:00,504.75,298.5
2025-02-08 16:00:00+00:00,455.75,247.5
2025-02-08 17:00:00+00:00,396.25,273.75
2025-02-08 18:00:00+00:00,395.25,317.0
2025-02-08 19:00:00+00:00,551.5,320.5
2025-02-08 20:00:00+00:00,352.25,361.5
2025-02-08 21:00:00+00:00,488.75,408.5
2025-02-08 22:00:00+00:00,391.0,402.25
2025-02-08 23:00:00+00:00,291.75,342.75
2025-02-09 00:00:00+00:00,217.5,215.0
2025-02-09 01:00:00+00:00,255.25,196.5
2025-02-09 02:00:00+00:00,334.25,324.5
2025-02-09 03:00:00+00:00,350.25,471.75
2025-02-09 04:00:00+00:00,412.25,574.5
2025-02-09 05:00:00+00:00,408.0,641.75
2025-02-09 06:00:00+00:00,610.0,631.0
2025-02-09 07:00:00+00:00,686.0,593.75
2025-02-09 08:00:00+00:00,569.0,510.75
2025-02-09 09:00:00+00:00,524.0,455.25
2025-02-09 10:00:00+00:00,553.0,438.75
2025-02-09 11:00:00+00:00,636.25,459.0
2025-02-09 12:00:00+00:00,755.75,572.5
2025-02-09 13:00:00+00:00,1018.25,759.5
2025-02-09 14:00:00+00:00,1399.0,872.0
2025-02-09 15:00:00+00:00,1819.75,888.75
2025-02-09 16:00:00+00:00,2340.5,1085.75
2025-02-09 17:00:00+00:00,2837.25,1304.75
2025-02-09 18:00:00+00:00,3129.75,1358.0
2025-02-09 19:00:00+00:00,3261.0,1435.5
2025-02-09 20:00:00+00:00,3207.75,1466.0
2025-02-09 21:00:00+00:00,3292.0,1478.0
2025-02-09 22:00:00+00:00,3535.75,1426.5
2025-02-09 23:00:00+00:00,3704.5,1459.25
2025-02-10 00:00:00+00:00,3679.5,1376.25
2025-02-10 01:00:00+00:00,3813.0,1395.0
2025-02-10 02:00:00+00:00,3998.25,1426.0
2025-02-10 03:00:00+00:00,4128.25,1460.25
2025-02-10 04:00:00+00:00,4197.5,1475.75
2025-02-10 05:00:00+00:00,4188.75,1370.5
2025-02-10 06:00:00+00:00,4181.75,1285.0
2025-02-10 07:00:00+00:00,4120.75,1287.5
2025-02-10 08:00:00+00:00,3973.0,1472.0
2025-02-10 09:00:00+00:00,4009.5,1549.5
2025-02-10 10:00:00+00:00,4063.75,1604.25
2025-02-10 11:00:00+00:00,4069.75,1649.25
2025-02-10 12:00:00+00:00,4091.5,1732.0
2025-02-10 13:00:00+00:00,4048.5,1713.0
2025-02-10 14:00:00+00:00,4127.0,1721.0
2025-02-10 15:00:00+00:00,4238.0,1679.5
2025-02-10 16:00:00+00:00,4285.75,1801.0
2025-02-10 17:00:00+00:00,4335.5,1830.75
2025-02-10 18:00:00+00:00,4297.0,1833.25
2025-02-10 19:00:00+00:00,4217.0,1867.0
2025-02-10 20:00:00+00:00,4209.75,1887.25
2025-02-10 21:00:00+00:00,4069.5,1996.25
2025-02-10 22:00:00+00:00,3756.25,1996.75
2025-02-10 23:00:00+00:00,3626.25,1989.75
2025-02-11 00:00:00+00:00,3585.0,1733.75
2025-02-11 01:00:00+00:00,3269.25,1559.75
2025-02-11 02:00:00+00:00,3011.0,1508.0
2025-02-11 03:00:00+00:00,2901.0,1532.75
2025-02-11 04:00:00+00:00,2457.25,1476.75
2025-02-11 05:00:00+00:00,2155.75,1450.25
2025-02-11 06:00:00+00:00,2267.75,1424.75
2025-02-11 07:00:00+00:00,2103.0,1334.75
2025-02-11 08:00:00+00:00,1973.75,1352.5
2025-02-11 09:00:00+00:00,1812.5,1326.5
2025-02-11 10:00:00+00:00,1651.5,1249.5
2025-02-11 11:00:00+00:00,1587.75,1131.75
2025-02-11 12:00:00+00:00,1538.0,1020.25
2025-02-11 13:00:00+00:00,1614.5,955.0
2025-02-11 14:00:00+00:00,1678.25,935.25
2025-02-11 15:00:00+00:00,1631.5,883.5
2025-02-11 16:00:00+00:00,1446.75,864.0
2025-02-11 17:00:00+00:00,1177.5,854.0
2025-02-11 18:00:00+00:00,1047.25,806.5
2025-02-11 19:00:00+00:00,1006.0,739.75
2025-02-11 20:00:00+00:00,1009.0,658.0
2025-02-11 21:00:00+00:00,948.5,632.0
2025-02-11 22:00:00+00:00,829.5,563.5
2025-02-11 23:00:00+00:00,778.25,477.5
2025-02-12 00:00:00+00:00,706.25,379.0
2025-02-12 01:00:00+00:00,699.75,342.5
2025-02-12 02:00:00+00:00,723.25,286.25
2025-02-12 03:00:00+00:00,620.25,281.25
2025-02-12 04:00:00+00:00,530.25,233.0
2025-02-12 05:00:00+00:00,445.5,209.25
2025-02-12 06:00:00+00:00,397.5,202.75
2025-02-12 07:00:00+00:00,336.5,170.0
2025-02-12 08:00:00+00:00,291.0,164.75
2025-02-12 09:00:00+00:00,315.25,153.25
2025-02-12 10:00:00+00:00,371.0,132.25
2025-02-12 11:00:00+00:00,401.5,119.5
2025-02-12 12:00:00+00:00,395.75,113.0
2025-02-12 13:00:00+00:00,401.5,115.0
2025-02-12 14:00:00+00:00,468.5,118.75
2025-02-12 15:00:00+00:00,470.5,118.0
2025-02-12 16:00:00+00:00,481.75,122.75
2025-02-12 17:00:00+00:00,424.5,132.75
2025-02-12 18:00:00+00:00,365.75,148.0
2025-02-12 19:00:00+00:00,328.0,168.25
2025-02-12 20:00:00+00:00,551.75,196.25
2025-02-12 21:00:00+00:00,795.0,225.75
2025-02-12 22:00:00+00:00,707.0,236.0
2025-02-12 23:00:00+00:00,700.25,221.75
2025-02-13 00:00:00+00:00,801.5,246.25
2025-02-13 01:00:00+00:00,1008.5,301.5
2025-02-13 02:00:00+00:00,1255.75,359.0
2025-02-13 03:00:00+00:00,1420.5,456.5
2025-02-13 04:00:00+00:00,1627.0,462.25
2025-02-13 05:00:00+00:00,1936.5,479.75
2025-02-13 06:00:00+00:00,2042.5,421.0
2025-02-13 07:00:00+00:00,2226.25,446.5
2025-02-13 08:00:00+00:00,1949.75,358.5
2025-02-13 09:00:00+00:00,1744.0,311.25
2025-02-13 10:00:00+00:00,1602.25,338.0
2025-02-13 11:00:00+00:00,1289.0,424.75
2025-02-13 12:00:00+00:00,936.0,373.5
2025-02-13 13:00:00+00:00,1029.5,251.5
2025-02-13 14:00:00+00:00,1220.75,314.5
2025-02-13 15:00:00+00:00,1186.5,461.75
2025-02-13 16:00:00+00:00,1385.75,448.75
2025-02-13 17:00:00+00:00,1398.75,323.75
2025-02-13 18:00:00+00:00,1315.75,221.0
2025-02-13 19:00:00+00:00,1038.75,188.5
2025-02-13 20:00:00+00:00,879.75,141.25
2025-02-13 21:00:00+00:00,714.25,90.0
2025-02-13 22:00:00+00:00,626.5,93.75
2025-02-13 23:00:00+00:00,380.75,119.25
2025-02-14 00:00:00+00:00,217.25,105.75
2025-02-14 01:00:00+00:00,198.0,87.5
2025-02-14 02:00:00+00:00,193.5,87.25
2025-02-14 03:00:00+00:00,274.25,93.75
2025-02-14 04:00:00+00:00,223.25,86.75
2025-02-14 05:00:00+00:00,271.75,76.5
2025-02-14 06:00:00+00:00,333.75,88.25
2025-02-14 07:00:00+00:00,261.25,100.75
2025-02-14 08:00:00+00:00,258.5,97.75
2025-02-14 09:00:00+00:00,223.75,85.0
2025-02-14 10:00:00+00:00,155.75,76.5
2025-02-14 11:00:00+00:00,134.25,71.0
2025-02-14 12:00:00+00:00,73.5,74.5
2025-02-14 13:00:00+00:00,109.0,85.25
2025-02-14 14:00:00+00:00,215.5,92.75
2025-02-14 15:00:00+00:00,270.25,101.5
2025-02-14 16:00:00+00:00,310.0,103.75
2025-02-14 17:00:00+00:00,584.5,126.0
2025-02-14 18:00:00+00:00,892.75,106.75
2025-02-14 19:00:00+00:00,950.0,97.0
2025-02-14 20:00:00+00:00,748.0,103.25
2025-02-14 21:00:00+00:00,765.5,135.0
2025-02-14 22:00:00+00:00,785.0,158.5
2025-02-14 23:00:00+00:00,729.75,154.5
2025-02-15 00:00:00+00:00,582.0,117.75
2025-02-15 01:00:00+00:00,656.5,74.25
2025-02-15 02:00:00+00:00,735.0,82.0
2025-02-15 03:00:00+00:00,590.75,79.5
2025-02-15 04:00:00+00:00,480.5,78.25
2025-02-15 05:00:00+00:00,504.5,67.5
2025-02-15 06:00:00+00:00,524.75,84.5
2025-02-15 07:00:00+00:00,549.75,101.25
2025-02-15 08:00:00+00:00,468.75,93.75
2025-02-15 09:00:00+00:00,443.75,99.75
2025-02-15 10:00:00+00:00,459.0,95.25
2025-02-15 11:00:00+00:00,389.25,106.0
2025-02-15 12:00:00+00:00,348.5,109.75
2025-02-15 13:00:00+00:00,206.75,105.5
2025-02-15 14:00:00+00:00,133.75,87.0
2025-02-15 15:00:00+00:00,271.25,78.0
2025-02-15 16:00:00+00:00,608.5,90.75
2025-02-15 17:00:00+00:00,758.5,143.25
2025-02-15 18:00:00+00:00,696.25,174.5
2025-02-15 19:00:00+00:00,708.25,168.75
2025-02-15 20:00:00+00:00,631.25,245.25
2025-02-15 21:00:00+00:00,827.0,319.75
2025-02-15 22:00:00+00:00,1046.5,316.0
2025-02-15 23:00:00+00:00,1084.75,302.25
2025-02-16 00:00:00+00:00,1207.0,376.0
2025-02-16 01:00:00+00:00,1265.0,443.0
2025-02-16 02:00:00+00:00,1028.0,515.25
2025-02-16 03:00:00+00:00,1071.5,600.5
2025-02-16 04:00:00+00:00,1315.75,603.5
2025-02-16 05:00:00+00:00,1863.0,695.25
2025-02-16 06:00:00+00:00,2370.0,781.5
2025-02-16 07:00:00+00:00,2893.5,821.0
2025-02-16 08:00:00+00:00,3089.25,896.0
2025-02-16 09:00:00+00:00,2923.0,811.75
2025-02-16 10:00:00+00:00,2762.75,694.75
2025-02-16 11:00:00+00:00,2354.0,715.75
2025-02-16 12:00:00+00:00,2546.5,737.25
2025-02-16 13:00:00+00:00,2596.25,821.5
2025-02-16 14:00:00+00:00,2265.5,849.25
2025-02-16 15:00:00+00:00,2219.75,815.25
2025-02-16 16:00:00+00:00,2326.5,735.0
2025-02-16 17:00:00+00:00,2753.0,736.75
2025-02-16 18:00:00+00:00,3211.0,796.5
2025-02-16 19:00:00+00:00,3132.25,787.0
2025-02-16 20:00:00+00:00,2965.5,845.0
2025-02-16 21:00:00+00:00,2487.25,790.5
2025-02-16 22:00:00+00:00,2058.0,663.5
2025-02-16 23:00:00+00:00,1714.75,617.5
2025-02-17 00:00:00+00:00,1396.25,569.75
2025-02-17 01:00:00+00:00,1333.75,522.0
2025-02-17 02:00:00+00:00,1023.5,525.0
2025-02-17 03:00:00+00:00,898.75,510.75
2025-02-17 04:00:00+00:00,970.75,443.75
2025-02-17 05:00:00+00:00,857.0,429.5
2025-02-17 06:00:00+00:00,852.5,399.0
2025-02-17 07:00:00+00:00,859.0,323.25
2025-02-17 08:00:00+00:00,661.75,218.5
2025-02-17 09:00:00+00:00,351.75,135.5
2025-02-17 10:00:00+00:00,363.5,114.5
2025-02-17 11:00:00+00:00,340.5,132.25
2025-02-17 12:00:00+00:00,399.0,200.25
2025-02-17 13:00:00+00:00,469.25,291.75
2025-02-17 14:00:00+00:00,470.5,333.75
2025-02-17 15:00:00+00:00,556.75,406.5
2025-02-17 16:00:00+00:00,544.75,490.75
2025-02-17 17:00:00+00:00,708.75,630.75
2025-02-17 18:00:00+00:00,1089.75,692.25
2025-02-17 19:00:00+00:00,1535.75,728.75
2025-02-17 20:00:00+00:00,1845.25,735.5
2025-02-17 21:00:00+00:00,2002.25,771.75
2025-02-17 22:00:00+00:00,2065.0,783.0
2025-02-17 23:00:00+00:00,1618.25,886.0
2025-02-18 00:00:00+00:00,1333.0,901.75
2025-02-18 01:00:00+00:00,1326.0,816.5
2025-02-18 02:00:00+00:00,1347.0,758.0
2025-02-18 03:00:00+00:00,1716.0,835.5
2025-02-18 04:00:00+00:00,1729.25,973.75
2025-02-18 05:00:00+00:00,1594.0,1124.0
2025-02-18 06:00:00+00:00,1695.5,1014.75
2025-02-18 07:00:00+00:00,1697.75,639.0
2025-02-18 08:00:00+00:00,1711.0,520.5
2025-02-18 09:00:00+00:00,1713.0,504.5
2025-02-18 10:00:00+00:00,1498.25,565.75
2025-02-18 11:00:00+00:00,1420.0,585.0
2025-02-18 12:00:00+00:00,1681.25,672.75
2025-02-18 13:00:00+00:00,2057.75,806.5
2025-02-18 14:00:00+00:00,2187.5,1087.5
2025-02-18 15:00:00+00:00,2515.5,1242.75
2025-02-18 16:00:00+00:00,3148.25,1233.5
2025-02-18 17:00:00+00:00,3671.25,1363.5
2025-02-18 18:00:00+00:00,3948.75,1595.75
2025-02-18 19:00:00+00:00,3901.5,1691.75
2025-02-18 20:00:00+00:00,3976.5,1718.0
2025-02-18 21:00:00+00:00,3858.25,1544.25
2025-02-18 22:00:00+00:00,3735.25,1587.75
2025-02-18 23:00:00+00:00,3612.0,1661.25
2025-02-19 00:00:00+00:00,3661.5,1619.25
2025-02-19 01:00:00+00:00,3620.5,1702.5
2025-02-19 02:00:00+00:00,3536.75,1723.25
2025-02-19 03:00:00+00:00,3428.75,1716.75
2025-02-19 04:00:00+00:00,3431.0,1734.0
2025-02-19 05:00:00+00:00,3459.5,1656.25
2025-02-19 06:00:00+00:00,3430.5,1658.75
2025-02-19 07:00:00+00:00,3485.75,1565.0
2025-02-19 08:00:00+00:00,3359.5,1409.75
2025-02-19 09:00:00+00:00,3275.5,1428.25
2025-02-19 10:00:00+00:00,2999.25,1342.0
2025-02-19 11:00:00+00:00,2483.75,1324.5
2025-02-19 12:00:00+00:00,2209.0,1271.0
2025-02-19 13:00:00+00:00,2129.75,1237.75
2025-02-19 14:00:00+00:00,2247.25,1041.0
2025-02-19 15:00:00+00:00,2356.75,1103.5
2025-02-19 16:00:00+00:00,2701.5,1178.25
2025-02-19 17:00:00+00:00,2629.75,1307.75
2025-02-19 18:00:00+00:00,2582.5,1253.75
2025-02-19 19:00:00+00:00,2443.0,1329.0
2025-02-19 20:00:00+00:00,2335.0,1350.75
2025-02-19 21:00:00+00:00,2543.75,1312.5
2025-02-19 22:00:00+00:00,2220.5,1310.75
2025-02-19 23:00:00+00:00,1742.0,1200.75
2025-02-20 00:00:00+00:00,1643.75,1087.25
2025-02-20 01:00:00+00:00,1698.5,1090.0
2025-02-20 02:00:00+00:00,1632.5,1226.0
2025-02-20 03:00:00+00:00,1748.25,1215.0
2025-02-20 04:00:00+00:00,2018.5,1247.0
2025-02-20 05:00:00+00:00,2085.75,1397.25
2025-02-20 06:00:00+00:00,2353.0,1407.25
2025-02-20 07:00:00+00:00,2614.75,1275.75
2025-02-20 08:00:00+00:00,2926.0,1174.25
2025-02-20 09:00:00+00:00,3039.25,1149.0
2025-02-20 10:00:00+00:00,3165.75,1187.5
2025-02-20 11:00:00+00:00,3610.5,1138.0
2025-02-20 12:00:00+00:00,4000.25,1173.75
2025-02-20 13:00:00+00:00,4052.0,1249.0
2025-02-20 14:00:00+00:00,4122.25,1310.75
2025-02-20 15:00:00+00:00,4206.25,1408.0
2025-02-20 16:00:00+00:00,4318.25,1616.25
2025-02-20 17:00:00+00:00,4182.5,1817.0
2025-02-20 18:00:00+00:00,4215.0,1882.0
2025-02-20 19:00:00+00:00,4327.25,1841.0
2025-02-20 20:00:00+00:00,4242.75,1889.0
2025-02-20 21:00:00+00:00,4075.25,1804.25
2025-02-20 22:00:00+00:00,3925.25,1733.25
2025-02-20 23:00:00+00:00,3730.75,1750.75
2025-02-21 00:00:00+00:00,3650.0,1678.75
2025-02-21 01:00:00+00:00,3492.0,1425.25
2025-02-21 02:00:00+00:00,3540.5,1303.0
2025-02-21 03:00:00+00:00,3602.25,1337.25
2025-02-21 04:00:00+00:00,3683.5,1340.75
2025-02-21 05:00:00+00:00,3878.75,1294.25
2025-02-21 06:00:00+00:00,3906.75,1410.75
2025-02-21 07:00:00+00:00,4018.25,1562.5
2025-02-21 08:00:00+00:00,4063.5,1632.75
2025-02-21 09:00:00+00:00,4040.5,1651.75
2025-02-21 10:00:00+00:00,4045.25,1588.0
2025-02-21 11:00:00+00:00,4123.25,1601.25
2025-02-21 12:00:00+00:00,3904.5,1680.25
2025-02-21 13:00:00+00:00,4103.25,1702.25
2025-02-21 14:00:00+00:00,4118.5,1749.0
2025-02-21 15:00:00+00:00,4294.75,1734.25
2025-02-21 16:00:00+00:00,4225.0,1762.75
2025-02-21 17:00:00+00:00,4334.75,1791.75
2025-02-21 18:00:00+00:00,4244.75,1887.0
2025-02-21 19:00:00+00:00,4192.0,2030.5
2025-02-21 20:00:00+00:00,4166.5,1916.25
2025-02-21 21:00:00+00:00,4086.75,1686.75
2025-02-21 22:00:00+00:00,3803.0,1610.5
2025-02-21 23:00:00+00:00,3606.25,1595.75
2025-02-22 00:00:00+00:00,3495.0,1616.25
2025-02-22 01:00:00+00:00,3589.75,1515.25
2025-02-22 02:00:00+00:00,3907.25,1485.0
2025-02-22 03:00:00+00:00,3852.75,1489.0
2025-02-22 04:00:00+00:00,3833.75,1474.25
2025-02-22 05:00:00+00:00,3989.25,1513.0
2025-02-22 06:00:00+00:00,4046.25,1654.25
2025-02-22 07:00:00+00:00,3797.5,1726.25
2025-02-22 08:00:00+00:00,3684.0,1750.25
2025-02-22 09:00:00+00:00,3431.5,1624.75
2025-02-22 10:00:00+00:00,3157.0,1538.0
2025-02-22 11:00:00+00:00,2756.0,1422.75
2025-02-22 12:00:00+00:00,2608.75,1212.25
2025-02-22 13:00:00+00:00,2069.25,1139.0
2025-02-22 14:00:00+00:00,1243.25,1035.0
2025-02-22 15:00:00+00:00,1420.5,939.0
2025-02-22 16:00:00+00:00,1335.75,870.0
2025-02-22 17:00:00+00:00,1385.75,976.75
2025-02-22 18:00:00+00:00,1609.5,864.0
2025-02-22 19:00:00+00:00,1836.75,962.5
2025-02-22 20:00:00+00:00,1792.0,1052.75
2025-02-22 21:00:00+00:00,1929.25,945.25
2025-02-22 22:00:00+00:00,2061.5,884.0
2025-02-22 23:00:00+00:00,2056.5,945.75
2025-02-23 00:00:00+00:00,1992.0,949.75
2025-02-23 01:00:00+00:00,1966.5,940.75
2025-02-23 02:00:00+00:00,1817.75,1035.0
2025-02-23 03:00:00+00:00,1421.0,819.25
2025-02-23 04:00:00+00:00,1278.75,666.5
2025-02-23 05:00:00+00:00,1366.0,628.0
2025-02-23 06:00:00+00:00,1477.0,670.75
2025-02-23 07:00:00+00:00,1867.0,737.5
2025-02-23 08:00:00+00:00,2181.0,915.0
2025-02-23 09:00:00+00:00,2428.25,1009.75
2025-02-23 10:00:00+00:00,2578.25,1022.75
2025-02-23 11:00:00+00:00,2805.5,977.75
2025-02-23 12:00:00+00:00,3192.0,1144.25
2025-02-23 13:00:00+00:00,3470.0,1362.25
2025-02-23 14:00:00+00:00,3881.25,1547.25
2025-02-23 15:00:00+00:00,4122.0,1576.75
2025-02-23 16:00:00+00:00,4246.75,1583.75
2025-02-23 17:00:00+00:00,4322.25,1791.0
2025-02-23 18:00:00+00:00,4360.25,1963.5
2025-02-23 19:00:00+00:00,4335.0,2138.75
2025-02-23 20:00:00+00:00,4299.75,2220.0
2025-02-23 21:00:00+00:00,4186.0,2273.5
2025-02-23 22:00:00+00:00,4116.75,2223.0
2025-02-23 23:00:00+00:00,4031.0,2156.25
2025-02-24 00:00:00+00:00,4054.0,2162.75
2025-02-24 01:00:00+00:00,4073.25,2171.75
2025-02-24 02:00:00+00:00,4020.75,2147.0
2025-02-24 03:00:00+00:00,4019.5,2188.75
2025-02-24 04:00:00+00:00,4027.0,2121.5
2025-02-24 05:00:00+00:00,4193.5,2169.0
2025-02-24 06:00:00+00:00,4295.75,2201.0
2025-02-24 07:00:00+00:00,4408.75,2239.75
2025-02-24 08:00:00+00:00,4376.5,2204.75
2025-02-24 09:00:00+00:00,4136.0,2174.25
2025-02-24 10:00:00+00:00,4306.0,2240.25
2025-02-24 11:00:00+00:00,4384.25,2211.75
2025-02-24 12:00:00+00:00,4284.0,2216.25
2025-02-24 13:00:00+00:00,4064.25,2186.25
2025-02-24 14:00:00+00:00,4014.75,2166.0
2025-02-24 15:00:00+00:00,3918.5,1973.0
2025-02-24 16:00:00+00:00,4125.0,1846.5
2025-02-24 17:00:00+00:00,4189.0,1739.0
2025-02-24 18:00:00+00:00,4215.0,1668.75
2025-02-24 19:00:00+00:00,4223.0,1695.25
2025-02-24 20:00:00+00:00,4127.75,1646.0
2025-02-24 21:00:00+00:00,3577.25,1592.0
2025-02-24 22:00:00+00:00,3017.25,1400.5
2025-02-24 23:00:00+00:00,2834.5,1139.25
2025-02-25 00:00:00+00:00,2738.0,1009.0
2025-02-25 01:00:00+00:00,2421.75,997.0
2025-02-25 02:00:00+00:00,2259.25,918.25
2025-02-25 03:00:00+00:00,1671.5,857.5
2025-02-25 04:00:00+00:00,1304.0,638.5
2025-02-25 05:00:00+00:00,1194.0,500.0
2025-02-25 06:00:00+00:00,1235.0,525.75
2025-02-25 07:00:00+00:00,1108.0,570.5
2025-02-25 08:00:00+00:00,1110.75,455.25
2025-02-25 09:00:00+00:00,904.75,377.75
2025-02-25 10:00:00+00:00,665.75,275.0
2025-02-25 11:00:00+00:00,448.75,273.5
2025-02-25 12:00:00+00:00,267.75,239.0
2025-02-25 13:00:00+00:00,173.75,146.0
2025-02-25 14:00:00+00:00,219.75,117.25
2025-02-25 15:00:00+00:00,186.75,131.5
2025-02-25 16:00:00+00:00,168.25,122.25
2025-02-25 17:00:00+00:00,213.75,143.25
2025-02-25 18:00:00+00:00,296.25,169.75
2025-02-25 19:00:00+00:00,301.25,219.25
2025-02-25 20:00:00+00:00,228.25,263.0
2025-02-25 21:00:00+00:00,104.0,278.0
2025-02-25 22:00:00+00:00,11.0,269.25
2025-02-25 23:00:00+00:00,65.5,213.0
2025-02-26 00:00:00+00:00,155.5,212.75
2025-02-26 01:00:00+00:00,396.0,209.5
2025-02-26 02:00:00+00:00,745.75,197.0
2025-02-26 03:00:00+00:00,803.25,239.75
2025-02-26 04:00:00+00:00,436.25,305.25
2025-02-26 05:00:00+00:00,380.5,366.75
2025-02-26 06:00:00+00:00,224.25,326.5
2025-02-26 07:00:00+00:00,244.25,292.75
2025-02-26 08:00:00+00:00,510.75,298.25
2025-02-26 09:00:00+00:00,581.5,280.25
2025-02-26 10:00:00+00:00,1010.5,391.0
2025-02-26 11:00:00+00:00,1777.0,510.25
2025-02-26 12:00:00+00:00,2293.0,642.0
2025-02-26 13:00:00+00:00,2547.0,781.0
2025-02-26 14:00:00+00:00,2982.75,834.5
2025-02-26 15:00:00+00:00,3212.25,925.75
2025-02-26 16:00:00+00:00,3776.75,863.0
2025-02-26 17:00:00+00:00,3553.25,1118.5
2025-02-26 18:00:00+00:00,3273.25,1453.75
2025-02-26 19:00:00+00:00,3650.25,1600.5
2025-02-26 20:00:00+00:00,2963.0,1676.0
2025-02-26 21:00:00+00:00,2464.0,1622.0
2025-02-26 22:00:00+00:00,1799.0,1544.5
2025-02-26 23:00:00+00:00,1994.5,1185.75
2025-02-27 00:00:00+00:00,1884.0,958.75
2025-02-27 01:00:00+00:00,1759.75,852.0
2025-02-27 02:00:00+00:00,1701.0,957.75
2025-02-27 03:00:00+00:00,1288.75,908.25
2025-02-27 04:00:00+00:00,1039.25,898.25
2025-02-27 05:00:00+00:00,1070.75,757.25
2025-02-27 06:00:00+00:00,829.75,674.75
2025-02-27 07:00:00+00:00,798.5,576.0
2025-02-27 08:00:00+00:00,887.25,546.25
2025-02-27 09:00:00+00:00,1114.25,529.0
2025-02-27 10:00:00+00:00,1224.25,548.0
2025-02-27 11:00:00+00:00,1011.25,722.25
2025-02-27 12:00:00+00:00,1408.75,831.0
2025-02-27 13:00:00+00:00,1752.5,669.0
2025-02-27 14:00:00+00:00,1851.0,602.25
2025-02-27 15:00:00+00:00,2226.5,571.75
2025-02-27 16:00:00+00:00,2576.5,509.5
2025-02-27 17:00:00+00:00,3047.75,595.0
2025-02-27 18:00:00+00:00,3013.75,641.25
2025-02-27 19:00:00+00:00,3499.75,656.75
2025-02-27 20:00:00+00:00,3773.0,733.25
2025-02-27 21:00:00+00:00,3758.75,662.5
2025-02-27 22:00:00+00:00,3672.75,811.75
2025-02-27 23:00:00+00:00,3652.75,732.75
2025-02-28 00:00:00+00:00,3363.25,735.25
2025-02-28 01:00:00+00:00,2934.5,932.5
2025-02-28 02:00:00+00:00,2366.75,1042.75
2025-02-28 03:00:00+00:00,1516.75,1054.5
2025-02-28 04:00:00+00:00,1281.0,952.25
2025-02-28 05:00:00+00:00,1455.0,749.0
2025-02-28 06:00:00+00:00,1460.0,743.5
2025-02-28 07:00:00+00:00,1487.0,847.75
2025-02-28 08:00:00+00:00,1389.75,696.25
2025-02-28 09:00:00+00:00,1224.0,717.5
2025-02-28 10:00:00+00:00,855.75,579.5
2025-02-28 11:00:00+00:00,748.5,469.25
2025-02-28 12:00:00+00:00,643.25,472.5
2025-02-28 13:00:00+00:00,601.25,493.25
2025-02-28 14:00:00+00:00,584.75,461.0
2025-02-28 15:00:00+00:00,656.75,423.5
2025-02-28 16:00:00+00:00,595.75,402.75
2025-02-28 17:00:00+00:00,659.0,445.25
2025-02-28 18:00:00+00:00,658.5,426.25
2025-02-28 19:00:00+00:00,655.25,444.5
2025-02-28 20:00:00+00:00,659.0,460.0
2025-02-28 21:00:00+00:00,549.75,468.25
2025-02-28 22:00:00+00:00,499.5,424.0
2025-02-28 23:00:00+00:00,398.0,328.75
2025-03-01 00:00:00+00:00,342.5,288.5
2025-03-01 01:00:00+00:00,310.75,273.0
2025-03-01 02:00:00+00:00,273.5,284.25
2025-03-01 03:00:00+00:00,234.5,235.25
2025-03-01 04:00:00+00:00,226.75,200.25
2025-03-01 05:00:00+00:00,214.75,191.0
2025-03-01 06:00:00+00:00,181.0,196.75
2025-03-01 07:00:00+00:00,138.75,251.75
2025-03-01 08:00:00+00:00,137.25,232.25
2025-03-01 09:00:00+00:00,113.25,229.75
2025-03-01 10:00:00+00:00,60.75,235.75
2025-03-01 11:00:00+00:00,62.5,204.0
2025-03-01 12:00:00+00:00,84.5,183.0
2025-03-01 13:00:00+00:00,124.0,163.25
2025-03-01 14:00:00+00:00,112.25,153.25
2025-03-01 15:00:00+00:00,84.0,140.5
2025-03-01 16:00:00+00:00,168.5,139.0
2025-03-01 17:00:00+00:00,198.25,163.25
2025-03-01 18:00:00+00:00,165.0,158.0
2025-03-01 19:00:00+00:00,192.25,171.0
2025-03-01 20:00:00+00:00,303.0,191.25
2025-03-01 21:00:00+00:00,229.5,123.0
2025-03-01 22:00:00+00:00,194.0,101.75
2025-03-01 23:00:00+00:00,138.75,96.5
2025-03-02 00:00:00+00:00,99.0,96.5
2025-03-02 01:00:00+00:00,91.0,90.0
2025-03-02 02:00:00+00:00,60.25,95.0
2025-03-02 03:00:00+00:00,58.0,106.25
2025-03-02 04:00:00+00:00,99.75,124.75
2025-03-02 05:00:00+00:00,146.25,159.0
2025-03-02 06:00:00+00:00,156.0,185.0
2025-03-02 07:00:00+00:00,217.0,191.5
2025-03-02 08:00:00+00:00,238.75,168.5
2025-03-02 09:00:00+00:00,222.75,171.75
2025-03-02 10:00:00+00:00,254.25,176.75
2025-03-02 11:00:00+00:00,237.5,159.25
2025-03-02 12:00:00+00:00,240.5,156.5
2025-03-02 13:00:00+00:00,189.5,158.75
2025-03-02 14:00:00+00:00,131.25,155.25
2025-03-02 15:00:00+00:00,149.75,144.0
2025-03-02 16:00:00+00:00,214.75,133.0
2025-03-02 17:00:00+00:00,246.75,127.75
2025-03-02 18:00:00+00:00,285.75,126.75
2025-03-02 19:00:00+00:00,314.5,130.25
2025-03-02 20:00:00+00:00,330.0,134.0
2025-03-02 21:00:00+00:00,358.0,136.25
2025-03-02 22:00:00+00:00,386.75,162.25
2025-03-02 23:00:00+00:00,413.5,175.75
2025-03-03 00:00:00+00:00,426.0,170.25
2025-03-03 01:00:00+00:00,436.75,177.0
2025-03-03 02:00:00+00:00,425.75,205.5
2025-03-03 03:00:00+00:00,422.75,252.0
2025-03-03 04:00:00+00:00,442.25,273.75
2025-03-03 05:00:00+00:00,453.75,283.25
2025-03-03 06:00:00+00:00,340.0,275.25
2025-03-03 07:00:00+00:00,303.0,237.75
2025-03-03 08:00:00+00:00,312.75,209.5
2025-03-03 09:00:00+00:00,336.5,212.0
2025-03-03 10:00:00+00:00,305.5,208.5
2025-03-03 11:00:00+00:00,325.25,197.75
2025-03-03 12:00:00+00:00,337.5,200.5
2025-03-03 13:00:00+00:00,277.5,193.75
2025-03-03 14:00:00+00:00,270.5,164.75
2025-03-03 15:00:00+00:00,217.25,136.25
2025-03-03 16:00:00+00:00,209.75,125.75
2025-03-03 17:00:00+00:00,220.75,124.25
2025-03-03 18:00:00+00:00,248.5,136.75
2025-03-03 19:00:00+00:00,258.25,137.25
2025-03-03 20:00:00+00:00,277.25,145.75
2025-03-03 21:00:00+00:00,252.75,137.75
2025-03-03 22:00:00+00:00,217.0,142.0
2025-03-03 23:00:00+00:00,238.0,144.75
2025-03-04 00:00:00+00:00,213.25,149.75
2025-03-04 01:00:00+00:00,303.25,85.0
2025-03-04 02:00:00+00:00,303.75,49.0
2025-03-04 03:00:00+00:00,233.75,50.5
2025-03-04 04:00:00+00:00,232.75,53.75
2025-03-04 05:00:00+00:00,304.5,96.25
2025-03-04 06:00:00+00:00,373.75,129.75
2025-03-04 07:00:00+00:00,456.75,144.0
2025-03-04 08:00:00+00:00,487.0,152.25
2025-03-04 09:00:00+00:00,493.0,127.75
2025-03-04 10:00:00+00:00,459.5,110.25
2025-03-04 11:00:00+00:00,492.25,111.0
2025-03-04 12:00:00+00:00,494.75,137.75
2025-03-04 13:00:00+00:00,490.5,97.75
2025-03-04 14:00:00+00:00,501.0,76.75
2025-03-04 15:00:00+00:00,618.25,69.0
2025-03-04 16:00:00+00:00,859.25,121.75
2025-03-04 17:00:00+00:00,952.25,178.5
2025-03-04 18:00:00+00:00,1034.0,228.75
2025-03-04 19:00:00+00:00,1110.5,197.5
2025-03-04 20:00:00+00:00,1147.5,289.25
2025-03-04 21:00:00+00:00,1233.75,306.75
2025-03-04 22:00:00+00:00,1221.75,416.75
2025-03-04 23:00:00+00:00,1122.5,593.75
2025-03-05 00:00:00+00:00,1338.75,618.75
2025-03-05 01:00:00+00:00,1509.75,625.75
2025-03-05 02:00:00+00:00,1461.0,631.0
2025-03-05 03:00:00+00:00,1618.5,640.75
2025-03-05 04:00:00+00:00,1894.5,672.0
2025-03-05 05:00:00+00:00,1977.0,671.0
2025-03-05 06:00:00+00:00,1954.0,780.0
2025-03-05 07:00:00+00:00,1941.0,745.0
2025-03-05 08:00:00+00:00,1652.5,685.25
2025-03-05 09:00:00+00:00,1495.5,594.0
2025-03-05 10:00:00+00:00,1374.75,507.5
2025-03-05 11:00:00+00:00,1386.75,487.0
2025-03-05 12:00:00+00:00,1074.0,418.5
2025-03-05 13:00:00+00:00,1097.75,306.25
2025-03-05 14:00:00+00:00,1104.75,252.75
2025-03-05 15:00:00+00:00,1074.5,211.75
2025-03-05 16:00:00+00:00,993.0,200.0
2025-03-05 17:00:00+00:00,917.75,225.75
2025-03-05 18:00:00+00:00,858.5,211.0
2025-03-05 19:00:00+00:00,800.5,221.0
2025-03-05 20:00:00+00:00,874.0,183.25
2025-03-05 21:00:00+00:00,870.75,144.75
2025-03-05 22:00:00+00:00,905.0,146.0
2025-03-05 23:00:00+00:00,1008.25,141.0
2025-03-06 00:00:00+00:00,1090.25,179.75
2025-03-06 01:00:00+00:00,1126.25,248.25
2025-03-06 02:00:00+00:00,1171.5,303.25
2025-03-06 03:00:00+00:00,1086.75,288.5
2025-03-06 04:00:00+00:00,932.5,244.5
2025-03-06 05:00:00+00:00,912.75,226.25
2025-03-06 06:00:00+00:00,940.5,230.5
2025-03-06 07:00:00+00:00,894.0,236.0
2025-03-06 08:00:00+00:00,935.5,243.0
2025-03-06 09:00:00+00:00,1015.0,193.0
2025-03-06 10:00:00+00:00,946.25,117.25
2025-03-06 11:00:00+00:00,943.0,96.5
2025-03-06 12:00:00+00:00,815.25,126.0
2025-03-06 13:00:00+00:00,1112.5,143.0
2025-03-06 14:00:00+00:00,1006.5,144.25
2025-03-06 15:00:00+00:00,1022.75,132.75
2025-03-06 16:00:00+00:00,1289.0,173.0
2025-03-06 17:00:00+00:00,1466.25,180.5
2025-03-06 18:00:00+00:00,1336.25,291.75
2025-03-06 19:00:00+00:00,1542.75,347.0
2025-03-06 20:00:00+00:00,1788.5,299.5
2025-03-06 21:00:00+00:00,2195.5,252.5
2025-03-06 22:00:00+00:00,2234.25,294.0
2025-03-06 23:00:00+00:00,2171.25,378.25
2025-03-07 00:00:00+00:00,2031.0,391.5
2025-03-07 01:00:00+00:00,1740.25,405.25
2025-03-07 02:00:00+00:00,1585.5,390.75
2025-03-07 03:00:00+00:00,1349.0,363.75
2025-03-07 04:00:00+00:00,1254.0,348.5
2025-03-07 05:00:00+00:00,1326.75,317.75
2025-03-07 06:00:00+00:00,1171.25,335.5
2025-03-07 07:00:00+00:00,1080.0,324.25
2025-03-07 08:00:00+00:00,1130.0,195.5
2025-03-07 09:00:00+00:00,1264.75,111.25
2025-03-07 10:00:00+00:00,1124.0,106.75
2025-03-07 11:00:00+00:00,946.0,112.25
2025-03-07 12:00:00+00:00,742.0,101.5
2025-03-07 13:00:00+00:00,578.5,131.25
2025-03-07 14:00:00+00:00,479.75,91.0
2025-03-07 15:00:00+00:00,404.25,41.25
2025-03-07 16:00:00+00:00,340.0,27.5
2025-03-07 17:00:00+00:00,345.75,35.25
2025-03-07 18:00:00+00:00,385.25,37.75
2025-03-07 19:00:00+00:00,374.5,33.5
2025-03-07 20:00:00+00:00,469.75,34.25
2025-03-07 21:00:00+00:00,715.0,29.75
2025-03-07 22:00:00+00:00,751.0,50.5
2025-03-07 23:00:00+00:00,1068.0,82.5
2025-03-08 00:00:00+00:00,1509.25,103.0
2025-03-08 01:00:00+00:00,1537.5,134.25
2025-03-08 02:00:00+00:00,1204.75,158.75
2025-03-08 03:00:00+00:00,1122.5,205.25
2025-03-08 04:00:00+00:00,1099.5,196.0
2025-03-08 05:00:00+00:00,1009.25,157.0
2025-03-08 06:00:00+00:00,1346.0,125.75
2025-03-08 07:00:00+00:00,1421.0,156.0
2025-03-08 08:00:00+00:00,1276.5,189.5
2025-03-08 09:00:00+00:00,993.0,160.75
2025-03-08 10:00:00+00:00,954.75,130.0
2025-03-08 11:00:00+00:00,472.0,119.25
2025-03-08 12:00:00+00:00,441.75,108.25
2025-03-08 13:00:00+00:00,705.5,204.0
2025-03-08 14:00:00+00:00,1162.75,174.5
2025-03-08 15:00:00+00:00,1654.0,166.25
2025-03-08 16:00:00+00:00,1900.25,216.0
2025-03-08 17:00:00+00:00,1854.5,313.25
2025-03-08 18:00:00+00:00,1902.75,436.75
2025-03-08 19:00:00+00:00,2030.5,577.5
2025-03-08 20:00:00+00:00,2476.5,723.25
2025-03-08 21:00:00+00:00,3049.0,709.0
2025-03-08 22:00:00+00:00,2761.25,698.5
2025-03-08 23:00:00+00:00,2181.25,628.5
2025-03-09 00:00:00+00:00,1655.5,579.75
2025-03-09 01:00:00+00:00,1565.0,439.0
2025-03-09 02:00:00+00:00,1385.75,354.75
2025-03-09 03:00:00+00:00,1185.5,305.75
2025-03-09 04:00:00+00:00,1086.0,286.75
2025-03-09 05:00:00+00:00,910.25,316.75
2025-03-09 06:00:00+00:00,832.5,316.0
2025-03-09 07:00:00+00:00,901.75,300.0
2025-03-09 08:00:00+00:00,721.0,221.5
2025-03-09 09:00:00+00:00,638.0,184.0
2025-03-09 10:00:00+00:00,343.75,80.75
2025-03-09 11:00:00+00:00,278.25,94.75
2025-03-09 12:00:00+00:00,377.5,82.5
2025-03-09 13:00:00+00:00,444.5,45.0
2025-03-09 14:00:00+00:00,703.0,63.75
2025-03-09 15:00:00+00:00,684.75,60.5
2025-03-09 16:00:00+00:00,713.25,50.75
2025-03-09 17:00:00+00:00,743.5,88.25
2025-03-09 18:00:00+00:00,1006.5,141.25
2025-03-09 19:00:00+00:00,1177.5,194.75
2025-03-09 20:00:00+00:00,1100.0,236.0
2025-03-09 21:00:00+00:00,1084.75,272.5
2025-03-09 22:00:00+00:00,1007.0,213.75
2025-03-09 23:00:00+00:00,805.25,135.5
2025-03-10 00:00:00+00:00,628.0,96.75
2025-03-10 01:00:00+00:00,480.25,66.75
2025-03-10 02:00:00+00:00,407.5,45.5
2025-03-10 03:00:00+00:00,346.75,24.75
2025-03-10 04:00:00+00:00,340.0,26.25
2025-03-10 05:00:00+00:00,444.0,49.25
2025-03-10 06:00:00+00:00,559.25,94.25
2025-03-10 07:00:00+00:00,805.5,105.25
2025-03-10 08:00:00+00:00,824.25,144.75
2025-03-10 09:00:00+00:00,753.75,135.0
2025-03-10 10:00:00+00:00,777.75,63.25
2025-03-10 11:00:00+00:00,690.0,41.0
2025-03-10 12:00:00+00:00,601.75,46.5
2025-03-10 13:00:00+00:00,573.5,72.25
2025-03-10 14:00:00+00:00,636.5,80.75
2025-03-10 15:00:00+00:00,806.75,90.5
2025-03-10 16:00:00+00:00,1051.0,151.0
2025-03-10 17:00:00+00:00,1457.5,189.25
2025-03-10 18:00:00+00:00,1645.75,194.25
2025-03-10 19:00:00+00:00,1683.25,198.25
2025-03-10 20:00:00+00:00,1834.0,150.0
2025-03-10 21:00:00+00:00,1656.75,142.0
2025-03-10 22:00:00+00:00,1512.25,233.5
2025-03-10 23:00:00+00:00,1783.25,276.75
2025-03-11 00:00:00+00:00,1625.25,240.0
2025-03-11 01:00:00+00:00,1576.25,219.0
2025-03-11 02:00:00+00:00,2015.75,246.5
2025-03-11 03:00:00+00:00,2564.5,295.5
2025-03-11 04:00:00+00:00,2590.5,290.0
2025-03-11 05:00:00+00:00,2632.75,284.0
2025-03-11 06:00:00+00:00,2305.5,282.75
2025-03-11 07:00:00+00:00,2087.0,210.75
2025-03-11 08:00:00+00:00,1800.25,203.0
2025-03-11 09:00:00+00:00,1609.75,238.75
2025-03-11 10:00:00+00:00,1381.75,237.0
2025-03-11 11:00:00+00:00,1343.0,242.5
2025-03-11 12:00:00+00:00,1570.5,294.25
2025-03-11 13:00:00+00:00,1656.25,360.75
2025-03-11 14:00:00+00:00,1732.0,397.75
2025-03-11 15:00:00+00:00,2047.5,427.25
2025-03-11 16:00:00+00:00,2163.75,491.25
2025-03-11 17:00:00+00:00,2257.75,537.25
2025-03-11 18:00:00+00:00,1842.5,489.5
2025-03-11 19:00:00+00:00,1511.25,333.5
2025-03-11 20:00:00+00:00,1232.0,333.5
2025-03-11 21:00:00+00:00,1040.25,310.5
2025-03-11 22:00:00+00:00,1223.75,252.75
2025-03-11 23:00:00+00:00,1377.5,217.25
2025-03-12 00:00:00+00:00,1263.0,229.0
2025-03-12 01:00:00+00:00,1371.75,225.75
2025-03-12 02:00:00+00:00,1471.5,185.5
2025-03-12 03:00:00+00:00,1656.5,151.75
2025-03-12 04:00:00+00:00,1370.25,172.25
2025-03-12 05:00:00+00:00,1119.5,178.0
2025-03-12 06:00:00+00:00,1123.75,251.75
2025-03-12 07:00:00+00:00,1121.25,244.25
2025-03-12 08:00:00+00:00,993.25,175.0
2025-03-12 09:00:00+00:00,877.75,186.0
2025-03-12 10:00:00+00:00,754.0,181.5
2025-03-12 11:00:00+00:00,732.25,157.5
2025-03-12 12:00:00+00:00,610.0,155.0
2025-03-12 13:00:00+00:00,533.5,140.75
2025-03-12 14:00:00+00:00,425.0,124.0
2025-03-12 15:00:00+00:00,301.75,106.5
2025-03-12 16:00:00+00:00,405.5,101.5
2025-03-12 17:00:00+00:00,233.5,110.75
2025-03-12 18:00:00+00:00,192.75,63.75
2025-03-12 19:00:00+00:00,186.75,40.5
2025-03-12 20:00:00+00:00,269.25,18.25
2025-03-12 21:00:00+00:00,312.0,14.75
2025-03-12 22:00:00+00:00,378.5,31.75
2025-03-12 23:00:00+00:00,465.5,42.25
2025-03-13 00:00:00+00:00,682.5,48.0
2025-03-13 01:00:00+00:00,820.5,67.75
2025-03-13 02:00:00+00:00,559.5,47.75
2025-03-13 03:00:00+00:00,560.75,20.0
2025-03-13 04:00:00+00:00,663.25,43.25
2025-03-13 05:00:00+00:00,660.25,48.0
2025-03-13 06:00:00+00:00,806.0,94.0
2025-03-13 07:00:00+00:00,946.75,92.25
2025-03-13 08:00:00+00:00,863.25,120.5
2025-03-13 09:00:00+00:00,1251.5,135.75
2025-03-13 10:00:00+00:00,1311.75,172.0
2025-03-13 11:00:00+00:00,1414.25,206.5
2025-03-13 12:00:00+00:00,1414.25,285.0
2025-03-13 13:00:00+00:00,1373.75,320.25
2025-03-13 14:00:00+00:00,1340.75,363.25
2025-03-13 15:00:00+00:00,1410.0,311.75
2025-03-13 16:00:00+00:00,1699.5,339.75
2025-03-13 17:00:00+00:00,1279.75,266.25
2025-03-13 18:00:00+00:00,1323.0,219.5
2025-03-13 19:00:00+00:00,1163.75,162.0
2025-03-13 20:00:00+00:00,1176.5,134.25
2025-03-13 21:00:00+00:00,787.0,72.5
2025-03-13 22:00:00+00:00,784.25,32.0
2025-03-13 23:00:00+00:00,710.0,43.75
2025-03-14 00:00:00+00:00,673.5,23.75
2025-03-14 01:00:00+00:00,528.25,27.25
2025-03-14 02:00:00+00:00,719.75,8.5
2025-03-14 03:00:00+00:00,635.0,56.5
2025-03-14 04:00:00+00:00,612.25,14.5
2025-03-14 05:00:00+00:00,493.0,16.0
2025-03-14 06:00:00+00:00,407.0,15.75
2025-03-14 07:00:00+00:00,302.25,25.5
2025-03-14 08:00:00+00:00,423.75,22.25
2025-03-14 09:00:00+00:00,471.25,34.25
2025-03-14 10:00:00+00:00,423.25,100.5
2025-03-14 11:00:00+00:00,461.5,182.5
2025-03-14 12:00:00+00:00,754.25,202.0
2025-03-14 13:00:00+00:00,1021.0,252.75
2025-03-14 14:00:00+00:00,1293.0,303.0
2025-03-14 15:00:00+00:00,1482.0,354.75
2025-03-14 16:00:00+00:00,1782.25,415.5
2025-03-14 17:00:00+00:00,2196.75,445.5
2025-03-14 18:00:00+00:00,2578.25,426.5
2025-03-14 19:00:00+00:00,2657.5,400.0
2025-03-14 20:00:00+00:00,2892.75,394.75
2025-03-14 21:00:00+00:00,3246.75,391.5
2025-03-14 22:00:00+00:00,3070.25,378.75
2025-03-14 23:00:00+00:00,2981.5,351.0
2025-03-15 00:00:00+00:00,2614.0,399.0
2025-03-15 01:00:00+00:00,2421.0,375.5
2025-03-15 02:00:00+00:00,2140.5,450.25
2025-03-15 03:00:00+00:00,2542.5,463.5
2025-03-15 04:00:00+00:00,2684.5,531.0
2025-03-15 05:00:00+00:00,3059.25,475.25
2025-03-15 06:00:00+00:00,3335.0,490.5
2025-03-15 07:00:00+00:00,3228.25,398.0
2025-03-15 08:00:00+00:00,3078.75,341.75
2025-03-15 09:00:00+00:00,2485.75,318.25
2025-03-15 10:00:00+00:00,2000.75,250.25
2025-03-15 11:00:00+00:00,1668.25,202.25
2025-03-15 12:00:00+00:00,1491.75,211.0
2025-03-15 13:00:00+00:00,1719.75,293.0
2025-03-15 14:00:00+00:00,2382.75,390.0
2025-03-15 15:00:00+00:00,2872.5,413.0
2025-03-15 16:00:00+00:00,3093.75,413.5
2025-03-15 17:00:00+00:00,3328.0,419.25
2025-03-15 18:00:00+00:00,3367.75,445.75
2025-03-15 19:00:00+00:00,3047.5,411.25
2025-03-15 20:00:00+00:00,2763.0,391.75
2025-03-15 21:00:00+00:00,2498.0,352.25
2025-03-15 22:00:00+00:00,2397.0,317.25
2025-03-15 23:00:00+00:00,2088.5,298.5
2025-03-16 00:00:00+00:00,1891.75,307.5
2025-03-16 01:00:00+00:00,1688.0,260.75
2025-03-16 02:00:00+00:00,1443.0,201.75
2025-03-16 03:00:00+00:00,1475.0,194.0
2025-03-16 04:00:00+00:00,1405.25,168.25
2025-03-16 05:00:00+00:00,1397.25,122.25
2025-03-16 06:00:00+00:00,1260.25,85.25
2025-03-16 07:00:00+00:00,1134.5,44.5
2025-03-16 08:00:00+00:00,951.25,23.5
2025-03-16 09:00:00+00:00,391.25,24.5
2025-03-16 10:00:00+00:00,239.0,31.25
2025-03-16 11:00:00+00:00,197.0,32.75
2025-03-16 12:00:00+00:00,284.0,51.5
2025-03-16 13:00:00+00:00,345.75,74.75
2025-03-16 14:00:00+00:00,872.0,132.0
2025-03-16 15:00:00+00:00,903.75,185.25
2025-03-16 16:00:00+00:00,1382.0,241.5
2025-03-16 17:00:00+00:00,1636.75,219.0
2025-03-16 18:00:00+00:00,1505.75,212.25
2025-03-16 19:00:00+00:00,1286.5,236.0
2025-03-16 20:00:00+00:00,1216.0,281.0
2025-03-16 21:00:00+00:00,1208.75,314.5
2025-03-16 22:00:00+00:00,1327.0,316.75
2025-03-16 23:00:00+00:00,1706.75,251.5
2025-03-17 00:00:00+00:00,1855.0,252.75
2025-03-17 01:00:00+00:00,1569.75,253.25
2025-03-17 02:00:00+00:00,1522.75,334.75
2025-03-17 03:00:00+00:00,1450.0,456.0
2025-03-17 04:00:00+00:00,1515.75,504.5
2025-03-17 05:00:00+00:00,1706.0,516.75
2025-03-17 06:00:00+00:00,1813.5,562.5
2025-03-17 07:00:00+00:00,1591.25,484.5
2025-03-17 08:00:00+00:00,1312.25,423.0
2025-03-17 09:00:00+00:00,973.25,336.5
2025-03-17 10:00:00+00:00,974.75,280.5
2025-03-17 11:00:00+00:00,1115.0,347.75
2025-03-17 12:00:00+00:00,1276.0,339.75
2025-03-17 13:00:00+00:00,1493.0,294.75
2025-03-17 14:00:00+00:00,1502.5,321.5
2025-03-17 15:00:00+00:00,1802.75,364.0
2025-03-17 16:00:00+00:00,2407.5,361.75
2025-03-17 17:00:00+00:00,2458.0,382.0
2025-03-17 18:00:00+00:00,2522.5,497.0
2025-03-17 19:00:00+00:00,2553.75,632.25
2025-03-17 20:00:00+00:00,2647.75,644.75
2025-03-17 21:00:00+00:00,2708.25,643.0
2025-03-17 22:00:00+00:00,2711.75,555.0
2025-03-17 23:00:00+00:00,2676.25,495.5
2025-03-18 00:00:00+00:00,2463.0,426.25
2025-03-18 01:00:00+00:00,1938.5,390.5
2025-03-18 02:00:00+00:00,1743.25,333.5
2025-03-18 03:00:00+00:00,1509.25,329.75
2025-03-18 04:00:00+00:00,1506.0,300.25
2025-03-18 05:00:00+00:00,1628.0,247.0
2025-03-18 06:00:00+00:00,1764.5,238.75
2025-03-18 07:00:00+00:00,1790.25,180.75
2025-03-18 08:00:00+00:00,1564.5,110.5
2025-03-18 09:00:00+00:00,1220.25,108.5
2025-03-18 10:00:00+00:00,587.0,137.5
2025-03-18 11:00:00+00:00,522.25,151.75
2025-03-18 12:00:00+00:00,812.5,202.75
2025-03-18 13:00:00+00:00,1154.0,237.0
2025-03-18 14:00:00+00:00,2087.75,297.75
2025-03-18 15:00:00+00:00,2435.0,364.25
2025-03-18 16:00:00+00:00,2574.25,392.25
2025-03-18 17:00:00+00:00,2526.25,436.75
2025-03-18 18:00:00+00:00,2428.75,626.5
2025-03-18 19:00:00+00:00,2601.0,661.25
2025-03-18 20:00:00+00:00,2850.25,770.5
2025-03-18 21:00:00+00:00,2978.75,661.0
2025-03-18 22:00:00+00:00,2664.5,563.75
2025-03-18 23:00:00+00:00,1993.75,504.5
2025-03-19 00:00:00+00:00,1312.5,369.5
2025-03-19 01:00:00+00:00,925.25,292.0
2025-03-19 02:00:00+00:00,746.0,242.75
2025-03-19 03:00:00+00:00,735.75,229.5
2025-03-19 04:00:00+00:00,710.0,224.25
2025-03-19 05:00:00+00:00,703.75,219.25
2025-03-19 06:00:00+00:00,688.25,188.25
2025-03-19 07:00:00+00:00,636.75,128.0
2025-03-19 08:00:00+00:00,523.5,49.25
2025-03-19 09:00:00+00:00,369.0,25.25
2025-03-19 10:00:00+00:00,205.75,30.75
2025-03-19 11:00:00+00:00,167.0,36.75
2025-03-19 12:00:00+00:00,137.0,44.25
2025-03-19 13:00:00+00:00,178.0,62.5
2025-03-19 14:00:00+00:00,348.0,40.75
2025-03-19 15:00:00+00:00,387.0,35.0
2025-03-19 16:00:00+00:00,249.75,43.25
2025-03-19 17:00:00+00:00,167.25,35.0
2025-03-19 18:00:00+00:00,145.25,40.75
2025-03-19 19:00:00+00:00,161.5,23.25
2025-03-19 20:00:00+00:00,180.25,22.25
2025-03-19 21:00:00+00:00,149.75,61.25
2025-03-19 22:00:00+00:00,162.75,90.75
2025-03-19 23:00:00+00:00,172.75,92.0
2025-03-20 00:00:00+00:00,189.25,109.5
2025-03-20 01:00:00+00:00,188.5,79.0
2025-03-20 02:00:00+00:00,197.5,67.5
2025-03-20 03:00:00+00:00,188.75,79.0
2025-03-20 04:00:00+00:00,211.0,71.25
2025-03-20 05:00:00+00:00,144.5,101.25
2025-03-20 06:00:00+00:00,83.5,91.75
2025-03-20 07:00:00+00:00,67.5,58.0
2025-03-20 08:00:00+00:00,29.75,17.0
2025-03-20 09:00:00+00:00,26.0,3.25
2025-03-20 10:00:00+00:00,31.25,4.25
2025-03-20 11:00:00+00:00,39.25,1.0
2025-03-20 12:00:00+00:00,20.25,1.75
2025-03-20 13:00:00+00:00,9.75,2.0
2025-03-20 14:00:00+00:00,3.25,2.0
2025-03-20 15:00:00+00:00,3.0,2.25
2025-03-20 16:00:00+00:00,12.5,7.0
2025-03-20 17:00:00+00:00,67.75,11.5
2025-03-20 18:00:00+00:00,269.0,24.0
2025-03-20 19:00:00+00:00,502.5,42.5
2025-03-20 20:00:00+00:00,966.25,55.0
2025-03-20 21:00:00+00:00,1557.0,106.75
2025-03-20 22:00:00+00:00,2235.25,165.75
2025-03-20 23:00:00+00:00,2368.5,227.5
2025-03-21 00:00:00+00:00,2259.0,265.5
2025-03-21 01:00:00+00:00,1969.75,357.5
2025-03-21 02:00:00+00:00,2074.75,414.25
2025-03-21 03:00:00+00:00,2271.0,457.25
2025-03-21 04:00:00+00:00,2286.5,510.25
2025-03-21 05:00:00+00:00,2393.75,553.5
2025-03-21 06:00:00+00:00,2880.25,595.25
2025-03-21 07:00:00+00:00,3091.5,522.5
2025-03-21 08:00:00+00:00,2947.25,402.0
2025-03-21 09:00:00+00:00,2487.0,336.5
2025-03-21 10:00:00+00:00,2444.75,399.25
2025-03-21 11:00:00+00:00,1083.75,463.25
2025-03-21 12:00:00+00:00,1185.0,632.0
2025-03-21 13:00:00+00:00,1498.75,746.75
2025-03-21 14:00:00+00:00,3344.75,844.5
2025-03-21 15:00:00+00:00,3620.5,913.75
2025-03-21 16:00:00+00:00,3593.25,883.75
2025-03-21 17:00:00+00:00,3492.0,921.75
2025-03-21 18:00:00+00:00,3611.75,967.75
2025-03-21 19:00:00+00:00,3764.25,982.25
2025-03-21 20:00:00+00:00,3921.25,997.5
2025-03-21 21:00:00+00:00,3915.25,1021.0
2025-03-21 22:00:00+00:00,3937.0,1010.5
2025-03-21 23:00:00+00:00,3828.25,971.5
2025-03-22 00:00:00+00:00,3408.5,970.0
2025-03-22 01:00:00+00:00,3106.5,935.75
2025-03-22 02:00:00+00:00,3015.75,865.75
2025-03-22 03:00:00+00:00,3103.0,875.5
2025-03-22 04:00:00+00:00,3062.5,790.75
2025-03-22 05:00:00+00:00,2809.25,723.75
2025-03-22 06:00:00+00:00,2729.75,660.75
2025-03-22 07:00:00+00:00,2517.5,748.5
2025-03-22 08:00:00+00:00,1951.5,809.0
2025-03-22 09:00:00+00:00,1534.0,489.75
2025-03-22 10:00:00+00:00,1181.0,452.0
2025-03-22 11:00:00+00:00,766.0,344.25
2025-03-22 12:00:00+00:00,886.0,372.5
2025-03-22 13:00:00+00:00,1281.5,463.5
2025-03-22 14:00:00+00:00,1321.5,548.0
2025-03-22 15:00:00+00:00,1240.0,771.5
2025-03-22 16:00:00+00:00,1313.5,661.5
2025-03-22 17:00:00+00:00,1371.5,702.75
2025-03-22 18:00:00+00:00,1460.0,672.75
2025-03-22 19:00:00+00:00,1422.25,763.5
2025-03-22 20:00:00+00:00,1533.0,654.5
2025-03-22 21:00:00+00:00,1668.5,771.0
2025-03-22 22:00:00+00:00,1731.75,835.75
2025-03-22 23:00:00+00:00,1490.0,729.0
2025-03-23 00:00:00+00:00,1486.5,664.5
2025-03-23 01:00:00+00:00,1613.25,606.0
2025-03-23 02:00:00+00:00,1570.0,460.5
2025-03-23 03:00:00+00:00,1483.75,349.75
2025-03-23 04:00:00+00:00,1275.75,365.5
2025-03-23 05:00:00+00:00,1059.75,394.75
2025-03-23 06:00:00+00:00,1117.5,397.75
2025-03-23 07:00:00+00:00,1131.75,328.5
2025-03-23 08:00:00+00:00,1254.75,240.5
2025-03-23 09:00:00+00:00,1001.75,152.25
2025-03-23 10:00:00+00:00,681.25,121.75
2025-03-23 11:00:00+00:00,474.0,83.75
2025-03-23 12:00:00+00:00,197.5,49.5
2025-03-23 13:00:00+00:00,88.25,23.75
2025-03-23 14:00:00+00:00,61.0,17.25
2025-03-23 15:00:00+00:00,70.0,9.75
2025-03-23 16:00:00+00:00,76.5,11.75
2025-03-23 17:00:00+00:00,61.5,15.75
2025-03-23 18:00:00+00:00,42.0,29.5
2025-03-23 19:00:00+00:00,63.25,31.25
2025-03-23 20:00:00+00:00,83.0,15.75
2025-03-23 21:00:00+00:00,107.0,1.75
2025-03-23 22:00:00+00:00,86.25,1.5
2025-03-23 23:00:00+00:00,50.5,6.25
2025-03-24 00:00:00+00:00,25.5,10.75
2025-03-24 01:00:00+00:00,7.0,9.5
2025-03-24 02:00:00+00:00,86.0,5.75
2025-03-24 03:00:00+00:00,490.25,37.75
2025-03-24 04:00:00+00:00,721.0,63.75
2025-03-24 05:00:00+00:00,667.75,84.5
2025-03-24 06:00:00+00:00,599.5,96.75
2025-03-24 07:00:00+00:00,525.75,102.5
2025-03-24 08:00:00+00:00,472.75,61.75
2025-03-24 09:00:00+00:00,500.0,43.5
2025-03-24 10:00:00+00:00,477.5,92.75
2025-03-24 11:00:00+00:00,817.5,147.0
2025-03-24 12:00:00+00:00,959.5,186.25
2025-03-24 13:00:00+00:00,800.25,188.25
2025-03-24 14:00:00+00:00,796.25,198.5
2025-03-24 15:00:00+00:00,725.0,219.0
2025-03-24 16:00:00+00:00,701.0,189.75
2025-03-24 17:00:00+00:00,633.25,184.75
2025-03-24 18:00:00+00:00,432.5,149.0
2025-03-24 19:00:00+00:00,204.5,106.75
2025-03-24 20:00:00+00:00,210.0,86.5
2025-03-24 21:00:00+00:00,164.25,76.75
2025-03-24 22:00:00+00:00,110.25,77.75
2025-03-24 23:00:00+00:00,112.75,69.0
2025-03-25 00:00:00+00:00,179.0,65.0
2025-03-25 01:00:00+00:00,216.75,89.5
2025-03-25 02:00:00+00:00,421.0,116.0
2025-03-25 03:00:00+00:00,582.75,99.75
2025-03-25 04:00:00+00:00,745.5,133.25
2025-03-25 05:00:00+00:00,977.25,166.25
2025-03-25 06:00:00+00:00,1201.0,138.5
2025-03-25 07:00:00+00:00,1228.75,171.25
2025-03-25 08:00:00+00:00,1193.5,267.75
2025-03-25 09:00:00+00:00,997.75,315.25
2025-03-25 10:00:00+00:00,828.25,301.0
2025-03-25 11:00:00+00:00,663.25,281.5
2025-03-25 12:00:00+00:00,628.5,257.75
2025-03-25 13:00:00+00:00,569.0,225.25
2025-03-25 14:00:00+00:00,665.0,216.75
2025-03-25 15:00:00+00:00,646.75,161.0
2025-03-25 16:00:00+00:00,614.5,187.25
2025-03-25 17:00:00+00:00,558.75,212.0
2025-03-25 18:00:00+00:00,836.75,169.25
2025-03-25 19:00:00+00:00,987.5,219.25
2025-03-25 20:00:00+00:00,1139.75,236.5
2025-03-25 21:00:00+00:00,1191.25,194.5
2025-03-25 22:00:00+00:00,952.5,244.5
2025-03-25 23:00:00+00:00,725.0,231.5
2025-03-26 00:00:00+00:00,654.25,195.5
2025-03-26 01:00:00+00:00,758.5,193.0
2025-03-26 02:00:00+00:00,767.25,199.75
2025-03-26 03:00:00+00:00,927.75,240.5
2025-03-26 04:00:00+00:00,873.25,250.25
2025-03-26 05:00:00+00:00,916.5,284.0
2025-03-26 06:00:00+00:00,768.25,202.0
2025-03-26 07:00:00+00:00,478.25,153.75
2025-03-26 08:00:00+00:00,447.0,145.75
2025-03-26 09:00:00+00:00,291.75,84.25
2025-03-26 10:00:00+00:00,101.25,113.5
2025-03-26 11:00:00+00:00,115.0,101.0
2025-03-26 12:00:00+00:00,106.25,69.5
2025-03-26 13:00:00+00:00,63.75,66.75
2025-03-26 14:00:00+00:00,36.25,63.75
2025-03-26 15:00:00+00:00,29.75,48.25
2025-03-26 16:00:00+00:00,41.5,31.0
2025-03-26 17:00:00+00:00,46.75,11.0
2025-03-26 18:00:00+00:00,44.25,6.0
2025-03-26 19:00:00+00:00,58.5,3.5
2025-03-26 20:00:00+00:00,77.75,2.0
2025-03-26 21:00:00+00:00,137.5,4.0
2025-03-26 22:00:00+00:00,216.75,3.25
2025-03-26 23:00:00+00:00,350.75,7.0
2025-03-27 00:00:00+00:00,456.25,27.5
2025-03-27 01:00:00+00:00,557.5,45.75
2025-03-27 02:00:00+00:00,630.5,50.0
2025-03-27 03:00:00+00:00,719.5,65.25
2025-03-27 04:00:00+00:00,798.25,81.5
2025-03-27 05:00:00+00:00,864.0,84.75
2025-03-27 06:00:00+00:00,890.75,81.5
2025-03-27 07:00:00+00:00,848.25,99.25
2025-03-27 08:00:00+00:00,883.75,94.75
2025-03-27 09:00:00+00:00,844.75,91.5
2025-03-27 10:00:00+00:00,1116.0,63.25
2025-03-27 11:00:00+00:00,1011.5,64.5
2025-03-27 12:00:00+00:00,877.5,80.5
2025-03-27 13:00:00+00:00,812.0,95.5
2025-03-27 14:00:00+00:00,791.5,68.25
2025-03-27 15:00:00+00:00,887.5,52.5
2025-03-27 16:00:00+00:00,845.75,48.75
2025-03-27 17:00:00+00:00,690.75,42.75
2025-03-27 18:00:00+00:00,707.25,54.25
2025-03-27 19:00:00+00:00,969.0,83.75
2025-03-27 20:00:00+00:00,1392.75,125.0
2025-03-27 21:00:00+00:00,1810.0,214.5
2025-03-27 22:00:00+00:00,2047.5,294.25
2025-03-27 23:00:00+00:00,2308.25,353.75
2025-03-28 00:00:00+00:00,2575.5,420.25
2025-03-28 01:00:00+00:00,2586.25,465.0
2025-03-28 02:00:00+00:00,2382.25,526.5
2025-03-28 03:00:00+00:00,2446.0,495.25
2025-03-28 04:00:00+00:00,2614.25,402.25
2025-03-28 05:00:00+00:00,2814.5,328.0
2025-03-28 06:00:00+00:00,2771.75,382.5
2025-03-28 07:00:00+00:00,2653.0,377.75
2025-03-28 08:00:00+00:00,2101.5,409.25
2025-03-28 09:00:00+00:00,1580.25,380.0
2025-03-28 10:00:00+00:00,1515.0,370.75
2025-03-28 11:00:00+00:00,1307.25,294.5
2025-03-28 12:00:00+00:00,1084.25,248.0
2025-03-28 13:00:00+00:00,1626.0,233.25
2025-03-28 14:00:00+00:00,1757.75,184.75
2025-03-28 15:00:00+00:00,1394.0,193.5
2025-03-28 16:00:00+00:00,501.75,213.0
2025-03-28 17:00:00+00:00,343.0,190.0
2025-03-28 18:00:00+00:00,350.5,126.0
2025-03-28 19:00:00+00:00,459.0,90.5
2025-03-28 20:00:00+00:00,774.0,115.75
2025-03-28 21:00:00+00:00,886.75,152.0
2025-03-28 22:00:00+00:00,579.75,184.75
2025-03-28 23:00:00+00:00,906.75,173.75
2025-03-29 00:00:00+00:00,1287.0,165.0
2025-03-29 01:00:00+00:00,1242.25,186.5
2025-03-29 02:00:00+00:00,1235.75,189.75
2025-03-29 03:00:00+00:00,1353.0,205.25
2025-03-29 04:00:00+00:00,1354.0,273.0
2025-03-29 05:00:00+00:00,1035.25,279.0
2025-03-29 06:00:00+00:00,771.75,207.25
2025-03-29 07:00:00+00:00,479.5,107.5
2025-03-29 08:00:00+00:00,370.75,110.75
2025-03-29 09:00:00+00:00,295.5,112.5
2025-03-29 10:00:00+00:00,211.75,79.25
2025-03-29 11:00:00+00:00,234.25,94.5
2025-03-29 12:00:00+00:00,241.5,146.0
2025-03-29 13:00:00+00:00,281.0,162.25
2025-03-29 14:00:00+00:00,306.25,123.5
2025-03-29 15:00:00+00:00,400.75,118.0
2025-03-29 16:00:00+00:00,693.0,112.25
2025-03-29 17:00:00+00:00,1165.75,157.25
2025-03-29 18:00:00+00:00,1807.25,198.5
2025-03-29 19:00:00+00:00,2820.0,319.75
2025-03-29 20:00:00+00:00,3558.0,548.0
2025-03-29 21:00:00+00:00,3716.5,831.0
2025-03-29 22:00:00+00:00,3592.0,945.5
2025-03-29 23:00:00+00:00,3663.25,1034.25
2025-03-30 00:00:00+00:00,3673.0,1094.0
2025-03-30 01:00:00+00:00,3653.5,1117.25
2025-03-30 02:00:00+00:00,3712.75,1110.5
2025-03-30 03:00:00+00:00,3614.25,1111.25
2025-03-30 04:00:00+00:00,3042.5,765.5
2025-03-30 05:00:00+00:00,3178.75,752.5
2025-03-30 06:00:00+00:00,3224.0,740.75
2025-03-30 07:00:00+00:00,3107.0,741.25
2025-03-30 08:00:00+00:00,2604.25,691.75
2025-03-30 09:00:00+00:00,2425.25,732.5
2025-03-30 10:00:00+00:00,1848.0,728.5
2025-03-30 11:00:00+00:00,1666.75,636.5
2025-03-30 12:00:00+00:00,1601.0,630.75
2025-03-30 13:00:00+00:00,1738.5,673.75
2025-03-30 14:00:00+00:00,2506.75,695.0
2025-03-30 15:00:00+00:00,2955.0,1099.75
2025-03-30 16:00:00+00:00,2994.0,1086.75
2025-03-30 17:00:00+00:00,3029.5,1075.5
2025-03-30 18:00:00+00:00,3070.25,1063.5
2025-03-30 19:00:00+00:00,3595.0,1045.5
2025-03-30 20:00:00+00:00,3601.25,1002.75
2025-03-30 21:00:00+00:00,3352.75,972.75
2025-03-30 22:00:00+00:00,3043.5,888.75
2025-03-30 23:00:00+00:00,2584.0,860.0
2025-03-31 00:00:00+00:00,2299.5,775.25
2025-03-31 01:00:00+00:00,2131.5,663.0
2025-03-31 02:00:00+00:00,1757.5,585.5
2025-03-31 03:00:00+00:00,1599.25,513.0
2025-03-31 04:00:00+00:00,1269.5,413.5
2025-03-31 05:00:00+00:00,1109.25,166.75
2025-03-31 06:00:00+00:00,916.75,148.5
2025-03-31 07:00:00+00:00,738.0,148.0
2025-03-31 08:00:00+00:00,589.25,135.75
2025-03-31 09:00:00+00:00,626.5,130.25
2025-03-31 10:00:00+00:00,518.0,125.5
2025-03-31 11:00:00+00:00,508.75,120.0
2025-03-31 12:00:00+00:00,452.0,130.5
2025-03-31 13:00:00+00:00,359.0,125.0
2025-03-31 14:00:00+00:00,353.5,113.0
2025-03-31 15:00:00+00:00,426.25,151.75
2025-03-31 16:00:00+00:00,559.75,175.5
2025-03-31 17:00:00+00:00,681.75,190.25
2025-03-31 18:00:00+00:00,721.75,193.25
2025-03-31 19:00:00+00:00,852.5,152.5
2025-03-31 20:00:00+00:00,830.0,164.75
2025-03-31 21:00:00+00:00,764.75,155.5
2025-03-31 22:00:00+00:00,766.75,137.0
2025-03-31 23:00:00+00:00,879.0,129.25
2025-04-01 00:00:00+00:00,764.75,131.25
2025-04-01 01:00:00+00:00,723.5,123.5
